id,enrollment_id,course_class_id,created_at,updated_at
1,1,1,2026-06-23 23:34:29,2026-06-23 23:34:29
2,2,2,2026-06-23 23:34:29,2026-06-23 23:34:29
3,3,3,2026-06-23 23:34:29,2026-06-23 23:34:29
4,4,4,2026-06-23 23:34:29,2026-06-23 23:34:29
5,5,2,2026-06-23 23:34:30,2026-06-23 23:34:30
6,6,3,2026-06-23 23:34:30,2026-06-23 23:34:30
7,7,5,2026-06-23 23:34:30,2026-06-23 23:34:30
8,8,5,2026-06-23 23:34:30,2026-06-23 23:34:30
9,9,3,2026-06-23 23:34:30,2026-06-23 23:34:30
10,10,4,2026-06-23 23:34:30,2026-06-23 23:34:30
11,11,6,2026-06-23 23:34:30,2026-06-23 23:34:30
12,12,5,2026-06-23 23:34:30,2026-06-23 23:34:30
13,13,2,2026-06-23 23:34:30,2026-06-23 23:34:30
14,14,6,2026-06-23 23:34:30,2026-06-23 23:34:30
15,15,6,2026-06-23 23:34:30,2026-06-23 23:34:30
16,16,3,2026-06-23 23:34:30,2026-06-23 23:34:30
17,17,5,2026-06-23 23:34:30,2026-06-23 23:34:30
18,18,3,2026-06-23 23:34:30,2026-06-23 23:34:30
19,19,2,2026-06-23 23:34:30,2026-06-23 23:34:30
20,20,6,2026-06-23 23:34:30,2026-06-23 23:34:30
21,21,1,2026-06-23 23:34:30,2026-06-23 23:34:30
22,22,6,2026-06-23 23:34:31,2026-06-23 23:34:31
23,23,5,2026-06-23 23:34:31,2026-06-23 23:34:31
24,24,4,2026-06-23 23:34:31,2026-06-23 23:34:31
25,25,3,2026-06-23 23:34:31,2026-06-23 23:34:31
26,26,3,2026-06-23 23:34:31,2026-06-23 23:34:31
27,27,6,2026-06-23 23:34:31,2026-06-23 23:34:31
28,28,3,2026-06-23 23:34:31,2026-06-23 23:34:31
29,29,1,2026-06-23 23:34:31,2026-06-23 23:34:31
30,30,1,2026-06-23 23:34:31,2026-06-23 23:34:31
31,31,4,2026-06-23 23:34:31,2026-06-23 23:34:31
32,32,3,2026-06-23 23:34:31,2026-06-23 23:34:31
33,33,6,2026-06-23 23:34:31,2026-06-23 23:34:31
34,34,5,2026-06-23 23:34:31,2026-06-23 23:34:31
35,35,2,2026-06-23 23:34:31,2026-06-23 23:34:31
36,36,6,2026-06-23 23:34:31,2026-06-23 23:34:31
37,37,6,2026-06-23 23:34:31,2026-06-23 23:34:31
38,38,3,2026-06-23 23:34:31,2026-06-23 23:34:31
39,39,4,2026-06-23 23:34:32,2026-06-23 23:34:32
40,40,2,2026-06-23 23:34:32,2026-06-23 23:34:32
41,41,5,2026-06-23 23:34:32,2026-06-23 23:34:32
42,42,3,2026-06-23 23:34:32,2026-06-23 23:34:32
43,43,2,2026-06-23 23:34:32,2026-06-23 23:34:32
44,44,2,2026-06-23 23:34:32,2026-06-23 23:34:32
45,45,6,2026-06-23 23:34:32,2026-06-23 23:34:32
46,46,1,2026-06-23 23:34:32,2026-06-23 23:34:32
47,47,3,2026-06-23 23:34:32,2026-06-23 23:34:32
48,48,5,2026-06-23 23:34:32,2026-06-23 23:34:32
49,49,3,2026-06-23 23:34:32,2026-06-23 23:34:32
50,50,3,2026-06-23 23:34:32,2026-06-23 23:34:32
51,51,1,2026-06-23 23:34:32,2026-06-23 23:34:32
52,52,2,2026-06-23 23:34:32,2026-06-23 23:34:32
53,53,6,2026-06-23 23:34:32,2026-06-23 23:34:32
54,54,4,2026-06-23 23:34:32,2026-06-23 23:34:32
55,55,2,2026-06-23 23:34:32,2026-06-23 23:34:32
56,56,6,2026-06-23 23:34:33,2026-06-23 23:34:33
57,57,5,2026-06-23 23:34:33,2026-06-23 23:34:33
58,58,5,2026-06-23 23:34:33,2026-06-23 23:34:33
59,59,2,2026-06-23 23:34:33,2026-06-23 23:34:33
60,60,6,2026-06-23 23:34:33,2026-06-23 23:34:33
61,61,3,2026-06-23 23:34:33,2026-06-23 23:34:33
62,62,2,2026-06-23 23:34:33,2026-06-23 23:34:33
63,63,3,2026-06-23 23:34:33,2026-06-23 23:34:33
64,64,6,2026-06-23 23:34:33,2026-06-23 23:34:33
65,65,1,2026-06-23 23:34:33,2026-06-23 23:34:33
66,66,1,2026-06-23 23:34:33,2026-06-23 23:34:33
67,67,2,2026-06-23 23:34:33,2026-06-23 23:34:33
68,68,6,2026-06-23 23:34:33,2026-06-23 23:34:33
69,69,6,2026-06-23 23:34:33,2026-06-23 23:34:33
70,70,6,2026-06-23 23:34:33,2026-06-23 23:34:33
71,71,2,2026-06-23 23:34:33,2026-06-23 23:34:33
72,72,5,2026-06-23 23:34:34,2026-06-23 23:34:34
73,73,4,2026-06-23 23:34:34,2026-06-23 23:34:34
74,74,1,2026-06-23 23:34:34,2026-06-23 23:34:34
75,75,5,2026-06-23 23:34:34,2026-06-23 23:34:34
76,76,5,2026-06-23 23:34:34,2026-06-23 23:34:34
77,77,6,2026-06-23 23:34:34,2026-06-23 23:34:34
78,78,6,2026-06-23 23:34:34,2026-06-23 23:34:34
79,79,1,2026-06-23 23:34:34,2026-06-23 23:34:34
80,80,5,2026-06-23 23:34:34,2026-06-23 23:34:34
81,81,2,2026-06-23 23:34:34,2026-06-23 23:34:34
82,82,1,2026-06-23 23:34:34,2026-06-23 23:34:34
83,83,1,2026-06-23 23:34:34,2026-06-23 23:34:34
84,84,4,2026-06-23 23:34:34,2026-06-23 23:34:34
85,85,5,2026-06-23 23:34:34,2026-06-23 23:34:34
86,86,2,2026-06-23 23:34:34,2026-06-23 23:34:34
87,87,3,2026-06-23 23:34:34,2026-06-23 23:34:34
88,88,3,2026-06-23 23:34:35,2026-06-23 23:34:35
89,89,6,2026-06-23 23:34:35,2026-06-23 23:34:35
90,90,1,2026-06-23 23:34:35,2026-06-23 23:34:35
91,91,3,2026-06-23 23:34:35,2026-06-23 23:34:35
92,92,1,2026-06-23 23:34:35,2026-06-23 23:34:35
93,93,4,2026-06-23 23:34:35,2026-06-23 23:34:35
94,94,1,2026-06-23 23:34:35,2026-06-23 23:34:35
95,95,5,2026-06-23 23:34:35,2026-06-23 23:34:35
96,96,5,2026-06-23 23:34:35,2026-06-23 23:34:35
97,97,3,2026-06-23 23:34:35,2026-06-23 23:34:35
98,98,3,2026-06-23 23:34:35,2026-06-23 23:34:35
99,99,5,2026-06-23 23:34:35,2026-06-23 23:34:35
100,100,4,2026-06-23 23:34:35,2026-06-23 23:34:35
101,101,4,2026-06-23 23:34:35,2026-06-23 23:34:35
102,102,5,2026-06-23 23:34:35,2026-06-23 23:34:35
103,103,4,2026-06-23 23:34:35,2026-06-23 23:34:35
104,104,4,2026-06-23 23:34:36,2026-06-23 23:34:36
105,105,6,2026-06-23 23:34:36,2026-06-23 23:34:36
106,107,2,2026-06-23 23:34:36,2026-06-23 23:34:36
107,108,6,2026-06-23 23:34:36,2026-06-23 23:34:36
108,109,5,2026-06-23 23:34:36,2026-06-23 23:34:36
109,110,6,2026-06-23 23:34:36,2026-06-23 23:34:36
110,111,1,2026-06-23 23:34:36,2026-06-23 23:34:36
111,112,5,2026-06-23 23:34:36,2026-06-23 23:34:36
112,113,1,2026-06-23 23:34:36,2026-06-23 23:34:36
113,114,2,2026-06-23 23:34:36,2026-06-23 23:34:36
114,115,5,2026-06-23 23:34:36,2026-06-23 23:34:36
115,116,4,2026-06-23 23:34:36,2026-06-23 23:34:36
116,117,1,2026-06-23 23:34:36,2026-06-23 23:34:36
117,118,4,2026-06-23 23:34:36,2026-06-23 23:34:36
118,119,6,2026-06-23 23:34:36,2026-06-23 23:34:36
119,120,5,2026-06-23 23:34:36,2026-06-23 23:34:36
120,121,6,2026-06-23 23:34:37,2026-06-23 23:34:37
121,122,2,2026-06-23 23:34:37,2026-06-23 23:34:37
122,123,3,2026-06-23 23:34:37,2026-06-23 23:34:37
123,124,4,2026-06-23 23:34:37,2026-06-23 23:34:37
124,125,5,2026-06-23 23:34:37,2026-06-23 23:34:37
125,126,1,2026-06-23 23:34:37,2026-06-23 23:34:37
126,127,6,2026-06-23 23:34:37,2026-06-23 23:34:37
127,128,2,2026-06-23 23:34:37,2026-06-23 23:34:37
128,129,2,2026-06-23 23:34:37,2026-06-23 23:34:37
129,130,3,2026-06-23 23:34:37,2026-06-23 23:34:37
130,131,1,2026-06-23 23:34:37,2026-06-23 23:34:37
131,132,4,2026-06-23 23:34:37,2026-06-23 23:34:37
132,133,2,2026-06-23 23:34:37,2026-06-23 23:34:37
133,134,2,2026-06-23 23:34:37,2026-06-23 23:34:37
134,135,1,2026-06-23 23:34:37,2026-06-23 23:34:37
135,136,5,2026-06-23 23:34:37,2026-06-23 23:34:37
136,137,1,2026-06-23 23:34:37,2026-06-23 23:34:37
137,138,6,2026-06-23 23:34:38,2026-06-23 23:34:38
138,139,6,2026-06-23 23:34:38,2026-06-23 23:34:38
139,140,1,2026-06-23 23:34:38,2026-06-23 23:34:38
140,141,3,2026-06-23 23:34:38,2026-06-23 23:34:38
141,142,4,2026-06-23 23:34:38,2026-06-23 23:34:38
142,143,1,2026-06-23 23:34:38,2026-06-23 23:34:38
143,144,4,2026-06-23 23:34:38,2026-06-23 23:34:38
144,145,1,2026-06-23 23:34:38,2026-06-23 23:34:38
145,146,4,2026-06-23 23:34:38,2026-06-23 23:34:38
146,147,6,2026-06-23 23:34:38,2026-06-23 23:34:38
147,148,5,2026-06-23 23:34:38,2026-06-23 23:34:38
148,149,4,2026-06-23 23:34:38,2026-06-23 23:34:38
149,150,6,2026-06-23 23:34:38,2026-06-23 23:34:38
150,151,2,2026-06-23 23:34:38,2026-06-23 23:34:38
151,152,2,2026-06-23 23:34:38,2026-06-23 23:34:38
152,153,2,2026-06-23 23:34:38,2026-06-23 23:34:38
153,154,1,2026-06-23 23:34:38,2026-06-23 23:34:38
154,155,6,2026-06-23 23:34:39,2026-06-23 23:34:39
155,156,6,2026-06-23 23:34:39,2026-06-23 23:34:39
156,157,6,2026-06-23 23:34:39,2026-06-23 23:34:39
157,158,3,2026-06-23 23:34:39,2026-06-23 23:34:39
158,159,4,2026-06-23 23:34:39,2026-06-23 23:34:39
159,160,5,2026-06-23 23:34:39,2026-06-23 23:34:39
160,161,6,2026-06-23 23:34:39,2026-06-23 23:34:39
161,162,3,2026-06-23 23:34:39,2026-06-23 23:34:39
162,163,3,2026-06-23 23:34:39,2026-06-23 23:34:39
163,164,6,2026-06-23 23:34:39,2026-06-23 23:34:39
164,165,4,2026-06-23 23:34:39,2026-06-23 23:34:39
165,166,3,2026-06-23 23:34:39,2026-06-23 23:34:39
166,167,1,2026-06-23 23:34:39,2026-06-23 23:34:39
167,168,4,2026-06-23 23:34:39,2026-06-23 23:34:39
168,169,6,2026-06-23 23:34:39,2026-06-23 23:34:39
169,170,2,2026-06-23 23:34:39,2026-06-23 23:34:39
170,171,4,2026-06-23 23:34:39,2026-06-23 23:34:39
171,172,3,2026-06-23 23:34:40,2026-06-23 23:34:40
172,173,4,2026-06-23 23:34:40,2026-06-23 23:34:40
173,174,4,2026-06-23 23:34:40,2026-06-23 23:34:40
174,175,4,2026-06-23 23:34:40,2026-06-23 23:34:40
175,176,3,2026-06-23 23:34:40,2026-06-23 23:34:40
176,177,5,2026-06-23 23:34:40,2026-06-23 23:34:40
177,178,1,2026-06-23 23:34:40,2026-06-23 23:34:40
178,179,2,2026-06-23 23:34:40,2026-06-23 23:34:40
179,180,1,2026-06-23 23:34:40,2026-06-23 23:34:40
180,181,6,2026-06-23 23:34:40,2026-06-23 23:34:40
181,182,1,2026-06-23 23:34:40,2026-06-23 23:34:40
182,183,5,2026-06-23 23:34:40,2026-06-23 23:34:40
183,184,1,2026-06-23 23:34:40,2026-06-23 23:34:40
184,185,3,2026-06-23 23:34:40,2026-06-23 23:34:40
185,186,2,2026-06-23 23:34:40,2026-06-23 23:34:40
186,187,3,2026-06-23 23:34:40,2026-06-23 23:34:40
187,188,4,2026-06-23 23:34:40,2026-06-23 23:34:40
188,189,6,2026-06-23 23:34:41,2026-06-23 23:34:41
189,190,1,2026-06-23 23:34:41,2026-06-23 23:34:41
190,191,2,2026-06-23 23:34:41,2026-06-23 23:34:41
191,192,1,2026-06-23 23:34:41,2026-06-23 23:34:41
192,193,7,2026-06-23 23:34:41,2026-06-23 23:34:41
193,194,8,2026-06-23 23:34:41,2026-06-23 23:34:41
194,195,8,2026-06-23 23:34:41,2026-06-23 23:34:41
195,196,9,2026-06-23 23:34:41,2026-06-23 23:34:41
196,197,8,2026-06-23 23:34:41,2026-06-23 23:34:41
197,198,8,2026-06-23 23:34:41,2026-06-23 23:34:41
198,199,7,2026-06-23 23:34:41,2026-06-23 23:34:41
199,200,8,2026-06-23 23:34:41,2026-06-23 23:34:41
200,201,8,2026-06-23 23:34:41,2026-06-23 23:34:41
201,202,7,2026-06-23 23:34:41,2026-06-23 23:34:41
202,203,8,2026-06-23 23:34:41,2026-06-23 23:34:41
203,204,7,2026-06-23 23:34:41,2026-06-23 23:34:41
204,205,10,2026-06-23 23:34:42,2026-06-23 23:34:42
205,206,7,2026-06-23 23:34:42,2026-06-23 23:34:42
206,207,8,2026-06-23 23:34:42,2026-06-23 23:34:42
207,208,8,2026-06-23 23:34:42,2026-06-23 23:34:42
208,209,8,2026-06-23 23:34:42,2026-06-23 23:34:42
209,210,10,2026-06-23 23:34:42,2026-06-23 23:34:42
210,212,7,2026-06-23 23:34:42,2026-06-23 23:34:42
211,213,8,2026-06-23 23:34:42,2026-06-23 23:34:42
212,215,7,2026-06-23 23:34:42,2026-06-23 23:34:42
213,216,8,2026-06-23 23:34:42,2026-06-23 23:34:42
214,217,10,2026-06-23 23:34:42,2026-06-23 23:34:42
215,218,8,2026-06-23 23:34:42,2026-06-23 23:34:42
216,219,10,2026-06-23 23:34:42,2026-06-23 23:34:42
217,220,10,2026-06-23 23:34:42,2026-06-23 23:34:42
218,221,9,2026-06-23 23:34:42,2026-06-23 23:34:42
219,222,8,2026-06-23 23:34:43,2026-06-23 23:34:43
220,223,10,2026-06-23 23:34:43,2026-06-23 23:34:43
221,224,7,2026-06-23 23:34:43,2026-06-23 23:34:43
222,225,8,2026-06-23 23:34:43,2026-06-23 23:34:43
223,226,10,2026-06-23 23:34:43,2026-06-23 23:34:43
224,228,10,2026-06-23 23:34:43,2026-06-23 23:34:43
225,229,7,2026-06-23 23:34:43,2026-06-23 23:34:43
226,230,8,2026-06-23 23:34:43,2026-06-23 23:34:43
227,231,7,2026-06-23 23:34:43,2026-06-23 23:34:43
228,232,7,2026-06-23 23:34:43,2026-06-23 23:34:43
229,233,7,2026-06-23 23:34:43,2026-06-23 23:34:43
230,234,10,2026-06-23 23:34:43,2026-06-23 23:34:43
231,235,8,2026-06-23 23:34:43,2026-06-23 23:34:43
232,236,8,2026-06-23 23:34:43,2026-06-23 23:34:43
233,237,7,2026-06-23 23:34:43,2026-06-23 23:34:43
234,238,7,2026-06-23 23:34:43,2026-06-23 23:34:43
235,239,7,2026-06-23 23:34:44,2026-06-23 23:34:44
236,240,8,2026-06-23 23:34:44,2026-06-23 23:34:44
237,241,8,2026-06-23 23:34:44,2026-06-23 23:34:44
238,242,10,2026-06-23 23:34:44,2026-06-23 23:34:44
239,243,10,2026-06-23 23:34:44,2026-06-23 23:34:44
240,244,7,2026-06-23 23:34:44,2026-06-23 23:34:44
241,245,10,2026-06-23 23:34:44,2026-06-23 23:34:44
242,246,7,2026-06-23 23:34:44,2026-06-23 23:34:44
243,247,8,2026-06-23 23:34:44,2026-06-23 23:34:44
244,248,8,2026-06-23 23:34:44,2026-06-23 23:34:44
245,249,7,2026-06-23 23:34:44,2026-06-23 23:34:44
246,250,8,2026-06-23 23:34:44,2026-06-23 23:34:44
247,251,10,2026-06-23 23:34:44,2026-06-23 23:34:44
248,252,10,2026-06-23 23:34:44,2026-06-23 23:34:44
249,253,7,2026-06-23 23:34:44,2026-06-23 23:34:44
250,254,10,2026-06-23 23:34:44,2026-06-23 23:34:44
251,255,8,2026-06-23 23:34:44,2026-06-23 23:34:44
252,256,7,2026-06-23 23:34:45,2026-06-23 23:34:45
253,257,7,2026-06-23 23:34:45,2026-06-23 23:34:45
254,258,7,2026-06-23 23:34:45,2026-06-23 23:34:45
255,259,10,2026-06-23 23:34:45,2026-06-23 23:34:45
256,260,10,2026-06-23 23:34:45,2026-06-23 23:34:45
257,261,10,2026-06-23 23:34:45,2026-06-23 23:34:45
258,262,7,2026-06-23 23:34:45,2026-06-23 23:34:45
259,263,7,2026-06-23 23:34:45,2026-06-23 23:34:45
260,264,8,2026-06-23 23:34:45,2026-06-23 23:34:45
261,265,8,2026-06-23 23:34:45,2026-06-23 23:34:45
262,266,8,2026-06-23 23:34:45,2026-06-23 23:34:45
263,267,10,2026-06-23 23:34:45,2026-06-23 23:34:45
264,268,7,2026-06-23 23:34:45,2026-06-23 23:34:45
265,269,8,2026-06-23 23:34:45,2026-06-23 23:34:45
266,270,7,2026-06-23 23:34:45,2026-06-23 23:34:45
267,271,8,2026-06-23 23:34:45,2026-06-23 23:34:45
268,272,8,2026-06-23 23:34:46,2026-06-23 23:34:46
269,273,10,2026-06-23 23:34:46,2026-06-23 23:34:46
270,274,10,2026-06-23 23:34:46,2026-06-23 23:34:46
271,275,8,2026-06-23 23:34:46,2026-06-23 23:34:46
272,276,7,2026-06-23 23:34:46,2026-06-23 23:34:46
273,278,7,2026-06-23 23:34:46,2026-06-23 23:34:46
274,279,10,2026-06-23 23:34:46,2026-06-23 23:34:46
275,280,8,2026-06-23 23:34:46,2026-06-23 23:34:46
276,281,8,2026-06-23 23:34:46,2026-06-23 23:34:46
277,282,8,2026-06-23 23:34:46,2026-06-23 23:34:46
278,283,10,2026-06-23 23:34:46,2026-06-23 23:34:46
279,284,7,2026-06-23 23:34:46,2026-06-23 23:34:46
280,285,7,2026-06-23 23:34:46,2026-06-23 23:34:46
281,286,10,2026-06-23 23:34:46,2026-06-23 23:34:46
282,287,7,2026-06-23 23:34:46,2026-06-23 23:34:46
283,288,7,2026-06-23 23:34:46,2026-06-23 23:34:46
284,289,7,2026-06-23 23:34:46,2026-06-23 23:34:46
285,290,8,2026-06-23 23:34:47,2026-06-23 23:34:47
286,291,7,2026-06-23 23:34:47,2026-06-23 23:34:47
287,292,7,2026-06-23 23:34:47,2026-06-23 23:34:47
288,293,8,2026-06-23 23:34:47,2026-06-23 23:34:47
289,294,7,2026-06-23 23:34:47,2026-06-23 23:34:47
290,295,10,2026-06-23 23:34:47,2026-06-23 23:34:47
291,296,8,2026-06-23 23:34:47,2026-06-23 23:34:47
292,297,8,2026-06-23 23:34:47,2026-06-23 23:34:47
293,298,10,2026-06-23 23:34:47,2026-06-23 23:34:47
294,299,9,2026-06-23 23:34:47,2026-06-23 23:34:47
295,300,9,2026-06-23 23:34:47,2026-06-23 23:34:47
296,301,7,2026-06-23 23:34:47,2026-06-23 23:34:47
297,302,10,2026-06-23 23:34:47,2026-06-23 23:34:47
298,303,10,2026-06-23 23:34:47,2026-06-23 23:34:47
299,304,10,2026-06-23 23:34:47,2026-06-23 23:34:47
300,305,7,2026-06-23 23:34:47,2026-06-23 23:34:47
301,306,8,2026-06-23 23:34:48,2026-06-23 23:34:48
302,307,7,2026-06-23 23:34:48,2026-06-23 23:34:48
303,308,10,2026-06-23 23:34:48,2026-06-23 23:34:48
304,309,8,2026-06-23 23:34:48,2026-06-23 23:34:48
305,310,10,2026-06-23 23:34:48,2026-06-23 23:34:48
306,311,8,2026-06-23 23:34:48,2026-06-23 23:34:48
307,312,7,2026-06-23 23:34:48,2026-06-23 23:34:48
308,313,10,2026-06-23 23:34:48,2026-06-23 23:34:48
309,314,8,2026-06-23 23:34:48,2026-06-23 23:34:48
310,315,10,2026-06-23 23:34:48,2026-06-23 23:34:48
311,316,10,2026-06-23 23:34:48,2026-06-23 23:34:48
312,317,7,2026-06-23 23:34:48,2026-06-23 23:34:48
313,318,10,2026-06-23 23:34:48,2026-06-23 23:34:48
314,319,10,2026-06-23 23:34:48,2026-06-23 23:34:48
315,320,10,2026-06-23 23:34:48,2026-06-23 23:34:48
316,322,7,2026-06-23 23:34:48,2026-06-23 23:34:48
317,323,7,2026-06-23 23:34:49,2026-06-23 23:34:49
318,325,10,2026-06-23 23:34:49,2026-06-23 23:34:49
319,326,10,2026-06-23 23:34:49,2026-06-23 23:34:49
320,327,10,2026-06-23 23:34:49,2026-06-23 23:34:49
321,329,10,2026-06-23 23:34:49,2026-06-23 23:34:49
322,330,7,2026-06-23 23:34:49,2026-06-23 23:34:49
323,331,8,2026-06-23 23:34:49,2026-06-23 23:34:49
324,332,10,2026-06-23 23:34:49,2026-06-23 23:34:49
325,333,7,2026-06-23 23:34:49,2026-06-23 23:34:49
326,334,11,2026-06-23 23:34:49,2026-06-23 23:34:49
327,335,12,2026-06-23 23:34:49,2026-06-23 23:34:49
328,336,12,2026-06-23 23:34:49,2026-06-23 23:34:49
329,337,12,2026-06-23 23:34:49,2026-06-23 23:34:49
330,338,12,2026-06-23 23:34:49,2026-06-23 23:34:49
331,339,11,2026-06-23 23:34:49,2026-06-23 23:34:49
332,340,11,2026-06-23 23:34:49,2026-06-23 23:34:49
333,341,12,2026-06-23 23:34:50,2026-06-23 23:34:50
334,342,11,2026-06-23 23:34:50,2026-06-23 23:34:50
335,343,12,2026-06-23 23:34:50,2026-06-23 23:34:50
336,344,11,2026-06-23 23:34:50,2026-06-23 23:34:50
337,345,12,2026-06-23 23:34:50,2026-06-23 23:34:50
338,346,12,2026-06-23 23:34:50,2026-06-23 23:34:50
339,347,12,2026-06-23 23:34:50,2026-06-23 23:34:50
340,348,12,2026-06-23 23:34:50,2026-06-23 23:34:50
341,349,12,2026-06-23 23:34:50,2026-06-23 23:34:50
342,350,12,2026-06-23 23:34:50,2026-06-23 23:34:50
343,351,11,2026-06-23 23:34:50,2026-06-23 23:34:50
344,352,12,2026-06-23 23:34:50,2026-06-23 23:34:50
345,353,13,2026-06-23 23:34:50,2026-06-23 23:34:50
346,354,14,2026-06-23 23:34:50,2026-06-23 23:34:50
347,355,15,2026-06-23 23:34:50,2026-06-23 23:34:50
348,356,15,2026-06-23 23:34:50,2026-06-23 23:34:50
349,357,14,2026-06-23 23:34:50,2026-06-23 23:34:50
350,358,14,2026-06-23 23:34:51,2026-06-23 23:34:51
351,359,13,2026-06-23 23:34:51,2026-06-23 23:34:51
352,360,15,2026-06-23 23:34:51,2026-06-23 23:34:51
353,361,15,2026-06-23 23:34:51,2026-06-23 23:34:51
354,362,13,2026-06-23 23:34:51,2026-06-23 23:34:51
355,363,14,2026-06-23 23:34:51,2026-06-23 23:34:51
356,364,13,2026-06-23 23:34:51,2026-06-23 23:34:51
357,365,14,2026-06-23 23:34:51,2026-06-23 23:34:51
358,366,14,2026-06-23 23:34:51,2026-06-23 23:34:51
359,367,13,2026-06-23 23:34:51,2026-06-23 23:34:51
360,368,15,2026-06-23 23:34:51,2026-06-23 23:34:51
361,369,13,2026-06-23 23:34:51,2026-06-23 23:34:51
362,370,14,2026-06-23 23:34:51,2026-06-23 23:34:51
363,371,13,2026-06-23 23:34:51,2026-06-23 23:34:51
364,372,14,2026-06-23 23:34:51,2026-06-23 23:34:51
365,373,15,2026-06-23 23:34:51,2026-06-23 23:34:51
366,374,13,2026-06-23 23:34:51,2026-06-23 23:34:51
367,375,13,2026-06-23 23:34:52,2026-06-23 23:34:52
368,376,15,2026-06-23 23:34:52,2026-06-23 23:34:52
369,377,14,2026-06-23 23:34:52,2026-06-23 23:34:52
370,378,15,2026-06-23 23:34:52,2026-06-23 23:34:52
371,379,15,2026-06-23 23:34:52,2026-06-23 23:34:52
372,380,13,2026-06-23 23:34:52,2026-06-23 23:34:52
373,381,15,2026-06-23 23:34:52,2026-06-23 23:34:52
374,382,14,2026-06-23 23:34:52,2026-06-23 23:34:52
375,383,15,2026-06-23 23:34:52,2026-06-23 23:34:52
376,384,15,2026-06-23 23:34:52,2026-06-23 23:34:52
377,385,14,2026-06-23 23:34:52,2026-06-23 23:34:52
378,386,13,2026-06-23 23:34:52,2026-06-23 23:34:52
379,387,15,2026-06-23 23:34:52,2026-06-23 23:34:52
380,388,15,2026-06-23 23:34:52,2026-06-23 23:34:52
381,389,13,2026-06-23 23:34:52,2026-06-23 23:34:52
382,390,13,2026-06-23 23:34:52,2026-06-23 23:34:52
383,391,13,2026-06-23 23:34:53,2026-06-23 23:34:53
384,392,15,2026-06-23 23:34:53,2026-06-23 23:34:53
385,393,14,2026-06-23 23:34:53,2026-06-23 23:34:53
386,394,13,2026-06-23 23:34:53,2026-06-23 23:34:53
387,395,15,2026-06-23 23:34:53,2026-06-23 23:34:53
388,396,13,2026-06-23 23:34:53,2026-06-23 23:34:53
389,397,15,2026-06-23 23:34:53,2026-06-23 23:34:53
390,398,15,2026-06-23 23:34:53,2026-06-23 23:34:53
391,399,15,2026-06-23 23:34:53,2026-06-23 23:34:53
392,400,13,2026-06-23 23:34:53,2026-06-23 23:34:53
393,401,13,2026-06-23 23:34:53,2026-06-23 23:34:53
394,402,13,2026-06-23 23:34:53,2026-06-23 23:34:53
395,403,13,2026-06-23 23:34:53,2026-06-23 23:34:53
396,404,15,2026-06-23 23:34:53,2026-06-23 23:34:53
397,405,15,2026-06-23 23:34:53,2026-06-23 23:34:53
398,406,13,2026-06-23 23:34:53,2026-06-23 23:34:53
399,407,13,2026-06-23 23:34:53,2026-06-23 23:34:53
400,408,14,2026-06-23 23:34:54,2026-06-23 23:34:54
401,409,15,2026-06-23 23:34:54,2026-06-23 23:34:54
402,410,14,2026-06-23 23:34:54,2026-06-23 23:34:54
403,411,13,2026-06-23 23:34:54,2026-06-23 23:34:54
404,412,14,2026-06-23 23:34:54,2026-06-23 23:34:54
405,413,15,2026-06-23 23:34:54,2026-06-23 23:34:54
406,414,15,2026-06-23 23:34:54,2026-06-23 23:34:54
407,415,15,2026-06-23 23:34:54,2026-06-23 23:34:54
408,416,14,2026-06-23 23:34:54,2026-06-23 23:34:54
409,417,14,2026-06-23 23:34:54,2026-06-23 23:34:54
410,418,13,2026-06-23 23:34:54,2026-06-23 23:34:54
411,419,13,2026-06-23 23:34:54,2026-06-23 23:34:54
412,420,15,2026-06-23 23:34:54,2026-06-23 23:34:54
413,421,15,2026-06-23 23:34:54,2026-06-23 23:34:54
414,422,14,2026-06-23 23:34:54,2026-06-23 23:34:54
415,423,13,2026-06-23 23:34:54,2026-06-23 23:34:54
416,424,15,2026-06-23 23:34:54,2026-06-23 23:34:54
417,425,14,2026-06-23 23:34:55,2026-06-23 23:34:55
418,426,13,2026-06-23 23:34:55,2026-06-23 23:34:55
419,427,14,2026-06-23 23:34:55,2026-06-23 23:34:55
420,428,14,2026-06-23 23:34:55,2026-06-23 23:34:55
421,429,14,2026-06-23 23:34:55,2026-06-23 23:34:55
422,430,13,2026-06-23 23:34:55,2026-06-23 23:34:55
423,431,14,2026-06-23 23:34:55,2026-06-23 23:34:55
424,432,15,2026-06-23 23:34:55,2026-06-23 23:34:55
425,433,13,2026-06-23 23:34:55,2026-06-23 23:34:55
426,434,14,2026-06-23 23:34:55,2026-06-23 23:34:55
427,435,13,2026-06-23 23:34:55,2026-06-23 23:34:55
428,436,14,2026-06-23 23:34:55,2026-06-23 23:34:55
429,437,13,2026-06-23 23:34:55,2026-06-23 23:34:55
430,438,15,2026-06-23 23:34:55,2026-06-23 23:34:55
431,439,13,2026-06-23 23:34:55,2026-06-23 23:34:55
432,440,15,2026-06-23 23:34:55,2026-06-23 23:34:55
433,441,14,2026-06-23 23:34:55,2026-06-23 23:34:55
434,442,15,2026-06-23 23:34:56,2026-06-23 23:34:56
435,443,14,2026-06-23 23:34:56,2026-06-23 23:34:56
436,444,15,2026-06-23 23:34:56,2026-06-23 23:34:56
437,445,14,2026-06-23 23:34:56,2026-06-23 23:34:56
438,446,13,2026-06-23 23:34:56,2026-06-23 23:34:56
439,447,13,2026-06-23 23:34:56,2026-06-23 23:34:56
440,448,14,2026-06-23 23:34:56,2026-06-23 23:34:56
441,449,15,2026-06-23 23:34:56,2026-06-23 23:34:56
442,450,14,2026-06-23 23:34:56,2026-06-23 23:34:56
443,451,14,2026-06-23 23:34:56,2026-06-23 23:34:56
444,452,13,2026-06-23 23:34:56,2026-06-23 23:34:56
445,453,16,2026-06-23 23:34:56,2026-06-23 23:34:56
446,454,17,2026-06-23 23:34:56,2026-06-23 23:34:56
447,455,17,2026-06-23 23:34:56,2026-06-23 23:34:56
448,456,16,2026-06-23 23:34:56,2026-06-23 23:34:56
449,457,18,2026-06-23 23:34:56,2026-06-23 23:34:56
450,458,18,2026-06-23 23:34:56,2026-06-23 23:34:56
451,459,19,2026-06-23 23:34:57,2026-06-23 23:34:57
452,460,17,2026-06-23 23:34:57,2026-06-23 23:34:57
453,461,18,2026-06-23 23:34:57,2026-06-23 23:34:57
454,462,17,2026-06-23 23:34:57,2026-06-23 23:34:57
455,463,16,2026-06-23 23:34:57,2026-06-23 23:34:57
456,464,18,2026-06-23 23:34:57,2026-06-23 23:34:57
457,465,17,2026-06-23 23:34:57,2026-06-23 23:34:57
458,466,16,2026-06-23 23:34:57,2026-06-23 23:34:57
459,467,17,2026-06-23 23:34:57,2026-06-23 23:34:57
460,468,16,2026-06-23 23:34:57,2026-06-23 23:34:57
461,469,16,2026-06-23 23:34:57,2026-06-23 23:34:57
462,470,16,2026-06-23 23:34:57,2026-06-23 23:34:57
463,471,17,2026-06-23 23:34:57,2026-06-23 23:34:57
464,472,17,2026-06-23 23:34:57,2026-06-23 23:34:57
465,473,18,2026-06-23 23:34:57,2026-06-23 23:34:57
466,474,17,2026-06-23 23:34:57,2026-06-23 23:34:57
467,475,17,2026-06-23 23:34:58,2026-06-23 23:34:58
468,476,18,2026-06-23 23:34:58,2026-06-23 23:34:58
469,477,16,2026-06-23 23:34:58,2026-06-23 23:34:58
470,478,17,2026-06-23 23:34:58,2026-06-23 23:34:58
471,479,17,2026-06-23 23:34:58,2026-06-23 23:34:58
472,480,16,2026-06-23 23:34:58,2026-06-23 23:34:58
473,481,17,2026-06-23 23:34:58,2026-06-23 23:34:58
474,482,20,2026-06-23 23:34:58,2026-06-23 23:34:58
475,483,16,2026-06-23 23:34:58,2026-06-23 23:34:58
476,484,17,2026-06-23 23:34:58,2026-06-23 23:34:58
477,485,16,2026-06-23 23:34:58,2026-06-23 23:34:58
478,486,17,2026-06-23 23:34:58,2026-06-23 23:34:58
479,487,18,2026-06-23 23:34:58,2026-06-23 23:34:58
480,488,18,2026-06-23 23:34:58,2026-06-23 23:34:58
481,489,18,2026-06-23 23:34:58,2026-06-23 23:34:58
482,490,17,2026-06-23 23:34:58,2026-06-23 23:34:58
483,491,17,2026-06-23 23:34:58,2026-06-23 23:34:58
484,492,17,2026-06-23 23:34:59,2026-06-23 23:34:59
485,493,17,2026-06-23 23:34:59,2026-06-23 23:34:59
486,494,17,2026-06-23 23:34:59,2026-06-23 23:34:59
487,495,16,2026-06-23 23:34:59,2026-06-23 23:34:59
488,496,17,2026-06-23 23:34:59,2026-06-23 23:34:59
489,497,16,2026-06-23 23:34:59,2026-06-23 23:34:59
490,498,18,2026-06-23 23:34:59,2026-06-23 23:34:59
491,499,17,2026-06-23 23:34:59,2026-06-23 23:34:59
492,500,16,2026-06-23 23:34:59,2026-06-23 23:34:59
493,501,18,2026-06-23 23:34:59,2026-06-23 23:34:59
494,502,18,2026-06-23 23:34:59,2026-06-23 23:34:59
495,503,16,2026-06-23 23:34:59,2026-06-23 23:34:59
496,504,16,2026-06-23 23:34:59,2026-06-23 23:34:59
497,506,17,2026-06-23 23:34:59,2026-06-23 23:34:59
498,507,18,2026-06-23 23:34:59,2026-06-23 23:34:59
499,508,18,2026-06-23 23:34:59,2026-06-23 23:34:59
500,509,18,2026-06-23 23:35:00,2026-06-23 23:35:00
id,enrollment_id,course_class_id,created_at,updated_at
501,510,18,2026-06-23 23:35:00,2026-06-23 23:35:00
502,511,18,2026-06-23 23:35:00,2026-06-23 23:35:00
503,513,16,2026-06-23 23:35:00,2026-06-23 23:35:00
504,514,18,2026-06-23 23:35:00,2026-06-23 23:35:00
505,515,18,2026-06-23 23:35:00,2026-06-23 23:35:00
506,516,16,2026-06-23 23:35:00,2026-06-23 23:35:00
507,517,17,2026-06-23 23:35:00,2026-06-23 23:35:00
508,518,18,2026-06-23 23:35:00,2026-06-23 23:35:00
509,519,19,2026-06-23 23:35:00,2026-06-23 23:35:00
510,520,16,2026-06-23 23:35:00,2026-06-23 23:35:00
511,521,16,2026-06-23 23:35:00,2026-06-23 23:35:00
512,522,16,2026-06-23 23:35:00,2026-06-23 23:35:00
513,523,16,2026-06-23 23:35:00,2026-06-23 23:35:00
514,524,16,2026-06-23 23:35:00,2026-06-23 23:35:00
515,525,16,2026-06-23 23:35:01,2026-06-23 23:35:01
516,526,17,2026-06-23 23:35:01,2026-06-23 23:35:01
517,527,18,2026-06-23 23:35:01,2026-06-23 23:35:01
518,528,18,2026-06-23 23:35:01,2026-06-23 23:35:01
519,529,16,2026-06-23 23:35:01,2026-06-23 23:35:01
520,530,18,2026-06-23 23:35:01,2026-06-23 23:35:01
521,532,18,2026-06-23 23:35:01,2026-06-23 23:35:01
522,533,18,2026-06-23 23:35:01,2026-06-23 23:35:01
523,534,21,2026-06-23 23:35:01,2026-06-23 23:35:01
524,535,22,2026-06-23 23:35:01,2026-06-23 23:35:01
525,536,22,2026-06-23 23:35:01,2026-06-23 23:35:01
526,537,21,2026-06-23 23:35:01,2026-06-23 23:35:01
527,538,23,2026-06-23 23:35:01,2026-06-23 23:35:01
528,539,23,2026-06-23 23:35:01,2026-06-23 23:35:01
529,540,22,2026-06-23 23:35:01,2026-06-23 23:35:01
530,541,21,2026-06-23 23:35:01,2026-06-23 23:35:01
531,542,21,2026-06-23 23:35:02,2026-06-23 23:35:02
532,543,23,2026-06-23 23:35:02,2026-06-23 23:35:02
533,544,22,2026-06-23 23:35:02,2026-06-23 23:35:02
534,545,22,2026-06-23 23:35:02,2026-06-23 23:35:02
535,546,22,2026-06-23 23:35:02,2026-06-23 23:35:02
536,547,22,2026-06-23 23:35:02,2026-06-23 23:35:02
537,548,23,2026-06-23 23:35:02,2026-06-23 23:35:02
538,549,22,2026-06-23 23:35:02,2026-06-23 23:35:02
539,550,22,2026-06-23 23:35:02,2026-06-23 23:35:02
540,552,23,2026-06-23 23:35:02,2026-06-23 23:35:02
541,553,21,2026-06-23 23:35:02,2026-06-23 23:35:02
542,554,21,2026-06-23 23:35:02,2026-06-23 23:35:02
543,555,22,2026-06-23 23:35:02,2026-06-23 23:35:02
544,556,22,2026-06-23 23:35:02,2026-06-23 23:35:02
545,557,22,2026-06-23 23:35:02,2026-06-23 23:35:02
546,559,21,2026-06-23 23:35:03,2026-06-23 23:35:03
547,560,22,2026-06-23 23:35:03,2026-06-23 23:35:03
548,561,22,2026-06-23 23:35:03,2026-06-23 23:35:03
549,562,21,2026-06-23 23:35:03,2026-06-23 23:35:03
550,563,21,2026-06-23 23:35:03,2026-06-23 23:35:03
551,564,21,2026-06-23 23:35:03,2026-06-23 23:35:03
552,565,22,2026-06-23 23:35:03,2026-06-23 23:35:03
553,566,21,2026-06-23 23:35:03,2026-06-23 23:35:03
554,567,22,2026-06-23 23:35:03,2026-06-23 23:35:03
555,569,22,2026-06-23 23:35:03,2026-06-23 23:35:03
556,570,21,2026-06-23 23:35:03,2026-06-23 23:35:03
557,571,22,2026-06-23 23:35:03,2026-06-23 23:35:03
558,572,23,2026-06-23 23:35:03,2026-06-23 23:35:03
559,573,22,2026-06-23 23:35:03,2026-06-23 23:35:03
560,574,23,2026-06-23 23:35:03,2026-06-23 23:35:03
561,575,23,2026-06-23 23:35:04,2026-06-23 23:35:04
562,576,21,2026-06-23 23:35:04,2026-06-23 23:35:04
563,577,21,2026-06-23 23:35:04,2026-06-23 23:35:04
564,578,23,2026-06-23 23:35:04,2026-06-23 23:35:04
565,579,21,2026-06-23 23:35:04,2026-06-23 23:35:04
566,580,21,2026-06-23 23:35:04,2026-06-23 23:35:04
567,582,21,2026-06-23 23:35:04,2026-06-23 23:35:04
568,583,23,2026-06-23 23:35:04,2026-06-23 23:35:04
569,584,22,2026-06-23 23:35:04,2026-06-23 23:35:04
570,585,22,2026-06-23 23:35:04,2026-06-23 23:35:04
571,586,22,2026-06-23 23:35:04,2026-06-23 23:35:04
572,587,21,2026-06-23 23:35:04,2026-06-23 23:35:04
573,588,23,2026-06-23 23:35:04,2026-06-23 23:35:04
574,589,21,2026-06-23 23:35:04,2026-06-23 23:35:04
575,590,22,2026-06-23 23:35:04,2026-06-23 23:35:04
576,591,22,2026-06-23 23:35:04,2026-06-23 23:35:04
577,592,22,2026-06-23 23:35:05,2026-06-23 23:35:05
578,593,21,2026-06-23 23:35:05,2026-06-23 23:35:05
579,594,21,2026-06-23 23:35:05,2026-06-23 23:35:05
580,595,23,2026-06-23 23:35:05,2026-06-23 23:35:05
581,596,21,2026-06-23 23:35:05,2026-06-23 23:35:05
582,597,21,2026-06-23 23:35:05,2026-06-23 23:35:05
583,598,23,2026-06-23 23:35:05,2026-06-23 23:35:05
584,599,23,2026-06-23 23:35:05,2026-06-23 23:35:05
585,600,23,2026-06-23 23:35:05,2026-06-23 23:35:05
586,601,22,2026-06-23 23:35:05,2026-06-23 23:35:05
587,602,22,2026-06-23 23:35:05,2026-06-23 23:35:05
588,604,23,2026-06-23 23:35:05,2026-06-23 23:35:05
589,605,23,2026-06-23 23:35:05,2026-06-23 23:35:05
590,606,21,2026-06-23 23:35:05,2026-06-23 23:35:05
591,607,21,2026-06-23 23:35:05,2026-06-23 23:35:05
592,608,22,2026-06-23 23:35:05,2026-06-23 23:35:05
593,609,22,2026-06-23 23:35:06,2026-06-23 23:35:06
594,610,22,2026-06-23 23:35:06,2026-06-23 23:35:06
595,611,22,2026-06-23 23:35:06,2026-06-23 23:35:06
596,612,21,2026-06-23 23:35:06,2026-06-23 23:35:06
597,613,22,2026-06-23 23:35:06,2026-06-23 23:35:06
598,614,23,2026-06-23 23:35:06,2026-06-23 23:35:06
599,615,22,2026-06-23 23:35:06,2026-06-23 23:35:06
600,616,22,2026-06-23 23:35:06,2026-06-23 23:35:06
601,617,22,2026-06-23 23:35:06,2026-06-23 23:35:06
602,618,21,2026-06-23 23:35:06,2026-06-23 23:35:06
603,619,23,2026-06-23 23:35:06,2026-06-23 23:35:06
604,620,21,2026-06-23 23:35:06,2026-06-23 23:35:06
605,621,22,2026-06-23 23:35:06,2026-06-23 23:35:06
606,622,22,2026-06-23 23:35:06,2026-06-23 23:35:06
607,623,23,2026-06-23 23:35:06,2026-06-23 23:35:06
608,624,22,2026-06-23 23:35:06,2026-06-23 23:35:06
609,625,21,2026-06-23 23:35:07,2026-06-23 23:35:07
610,626,22,2026-06-23 23:35:07,2026-06-23 23:35:07
611,627,21,2026-06-23 23:35:07,2026-06-23 23:35:07
612,628,24,2026-06-23 23:35:07,2026-06-23 23:35:07
613,629,24,2026-06-23 23:35:07,2026-06-23 23:35:07
614,630,25,2026-06-23 23:35:07,2026-06-23 23:35:07
615,631,25,2026-06-23 23:35:07,2026-06-23 23:35:07
616,632,24,2026-06-23 23:35:07,2026-06-23 23:35:07
617,633,24,2026-06-23 23:35:07,2026-06-23 23:35:07
618,634,25,2026-06-23 23:35:07,2026-06-23 23:35:07
619,635,24,2026-06-23 23:35:07,2026-06-23 23:35:07
620,636,25,2026-06-23 23:35:07,2026-06-23 23:35:07
621,637,24,2026-06-23 23:35:07,2026-06-23 23:35:07
622,638,25,2026-06-23 23:35:07,2026-06-23 23:35:07
623,639,25,2026-06-23 23:35:07,2026-06-23 23:35:07
624,640,24,2026-06-23 23:35:07,2026-06-23 23:35:07
625,641,25,2026-06-23 23:35:08,2026-06-23 23:35:08
626,642,25,2026-06-23 23:35:08,2026-06-23 23:35:08
627,643,25,2026-06-23 23:35:08,2026-06-23 23:35:08
628,644,25,2026-06-23 23:35:08,2026-06-23 23:35:08
629,645,24,2026-06-23 23:35:08,2026-06-23 23:35:08
630,646,25,2026-06-23 23:35:08,2026-06-23 23:35:08
631,647,25,2026-06-23 23:35:08,2026-06-23 23:35:08
632,648,25,2026-06-23 23:35:08,2026-06-23 23:35:08
633,649,24,2026-06-23 23:35:08,2026-06-23 23:35:08
634,650,25,2026-06-23 23:35:08,2026-06-23 23:35:08
635,651,25,2026-06-23 23:35:08,2026-06-23 23:35:08
636,652,25,2026-06-23 23:35:08,2026-06-23 23:35:08
637,653,24,2026-06-23 23:35:08,2026-06-23 23:35:08
638,654,25,2026-06-23 23:35:08,2026-06-23 23:35:08
639,655,24,2026-06-23 23:35:08,2026-06-23 23:35:08
640,656,24,2026-06-23 23:35:08,2026-06-23 23:35:08
641,657,24,2026-06-23 23:35:09,2026-06-23 23:35:09
642,658,24,2026-06-23 23:35:09,2026-06-23 23:35:09
643,659,25,2026-06-23 23:35:09,2026-06-23 23:35:09
644,660,25,2026-06-23 23:35:09,2026-06-23 23:35:09
645,661,24,2026-06-23 23:35:09,2026-06-23 23:35:09
646,662,25,2026-06-23 23:35:09,2026-06-23 23:35:09
647,663,25,2026-06-23 23:35:09,2026-06-23 23:35:09
648,664,24,2026-06-23 23:35:09,2026-06-23 23:35:09
649,665,24,2026-06-23 23:35:09,2026-06-23 23:35:09
650,666,24,2026-06-23 23:35:09,2026-06-23 23:35:09
651,667,24,2026-06-23 23:35:09,2026-06-23 23:35:09
652,668,24,2026-06-23 23:35:09,2026-06-23 23:35:09
653,669,25,2026-06-23 23:35:09,2026-06-23 23:35:09
654,670,25,2026-06-23 23:35:09,2026-06-23 23:35:09
655,671,25,2026-06-23 23:35:09,2026-06-23 23:35:09
656,672,25,2026-06-23 23:35:09,2026-06-23 23:35:09
657,673,24,2026-06-23 23:35:09,2026-06-23 23:35:09
658,674,25,2026-06-23 23:35:10,2026-06-23 23:35:10
659,675,24,2026-06-23 23:35:10,2026-06-23 23:35:10
660,676,25,2026-06-23 23:35:10,2026-06-23 23:35:10
661,677,25,2026-06-23 23:35:10,2026-06-23 23:35:10
662,678,25,2026-06-23 23:35:10,2026-06-23 23:35:10
663,679,24,2026-06-23 23:35:10,2026-06-23 23:35:10
664,680,25,2026-06-23 23:35:10,2026-06-23 23:35:10
665,681,25,2026-06-23 23:35:10,2026-06-23 23:35:10
666,682,25,2026-06-23 23:35:10,2026-06-23 23:35:10
667,683,25,2026-06-23 23:35:10,2026-06-23 23:35:10
668,684,25,2026-06-23 23:35:10,2026-06-23 23:35:10
669,685,24,2026-06-23 23:35:10,2026-06-23 23:35:10
670,686,24,2026-06-23 23:35:10,2026-06-23 23:35:10
671,687,26,2026-06-23 23:35:10,2026-06-23 23:35:10
672,688,26,2026-06-23 23:35:10,2026-06-23 23:35:10
673,689,27,2026-06-23 23:35:10,2026-06-23 23:35:10
674,690,27,2026-06-23 23:35:11,2026-06-23 23:35:11
675,691,27,2026-06-23 23:35:11,2026-06-23 23:35:11
676,692,27,2026-06-23 23:35:11,2026-06-23 23:35:11
677,693,27,2026-06-23 23:35:11,2026-06-23 23:35:11
678,694,26,2026-06-23 23:35:11,2026-06-23 23:35:11
679,695,26,2026-06-23 23:35:11,2026-06-23 23:35:11
680,696,26,2026-06-23 23:35:11,2026-06-23 23:35:11
681,697,27,2026-06-23 23:35:11,2026-06-23 23:35:11
682,698,27,2026-06-23 23:35:11,2026-06-23 23:35:11
683,699,26,2026-06-23 23:35:11,2026-06-23 23:35:11
684,700,26,2026-06-23 23:35:11,2026-06-23 23:35:11
685,701,26,2026-06-23 23:35:11,2026-06-23 23:35:11
686,702,26,2026-06-23 23:35:11,2026-06-23 23:35:11
687,703,27,2026-06-23 23:35:11,2026-06-23 23:35:11
688,704,26,2026-06-23 23:35:11,2026-06-23 23:35:11
689,705,27,2026-06-23 23:35:11,2026-06-23 23:35:11
690,706,27,2026-06-23 23:35:11,2026-06-23 23:35:11
691,707,26,2026-06-23 23:35:12,2026-06-23 23:35:12
692,708,26,2026-06-23 23:35:12,2026-06-23 23:35:12
693,709,27,2026-06-23 23:35:12,2026-06-23 23:35:12
694,710,27,2026-06-23 23:35:12,2026-06-23 23:35:12
695,711,27,2026-06-23 23:35:12,2026-06-23 23:35:12
696,712,26,2026-06-23 23:35:12,2026-06-23 23:35:12
697,713,26,2026-06-23 23:35:12,2026-06-23 23:35:12
698,714,27,2026-06-23 23:35:12,2026-06-23 23:35:12
699,715,26,2026-06-23 23:35:12,2026-06-23 23:35:12
700,716,26,2026-06-23 23:35:12,2026-06-23 23:35:12
701,717,27,2026-06-23 23:35:12,2026-06-23 23:35:12
702,718,27,2026-06-23 23:35:12,2026-06-23 23:35:12
703,719,26,2026-06-23 23:35:12,2026-06-23 23:35:12
704,720,26,2026-06-23 23:35:12,2026-06-23 23:35:12
705,721,26,2026-06-23 23:35:12,2026-06-23 23:35:12
706,722,26,2026-06-23 23:35:12,2026-06-23 23:35:12
707,723,27,2026-06-23 23:35:12,2026-06-23 23:35:12
708,724,27,2026-06-23 23:35:13,2026-06-23 23:35:13
709,725,26,2026-06-23 23:35:13,2026-06-23 23:35:13
710,726,27,2026-06-23 23:35:13,2026-06-23 23:35:13
711,727,27,2026-06-23 23:35:13,2026-06-23 23:35:13
712,728,27,2026-06-23 23:35:13,2026-06-23 23:35:13
713,729,27,2026-06-23 23:35:13,2026-06-23 23:35:13
714,730,27,2026-06-23 23:35:13,2026-06-23 23:35:13
715,731,26,2026-06-23 23:35:13,2026-06-23 23:35:13
716,732,27,2026-06-23 23:35:13,2026-06-23 23:35:13
717,733,26,2026-06-23 23:35:13,2026-06-23 23:35:13
718,734,27,2026-06-23 23:35:13,2026-06-23 23:35:13
719,735,26,2026-06-23 23:35:13,2026-06-23 23:35:13
720,736,26,2026-06-23 23:35:13,2026-06-23 23:35:13
721,737,27,2026-06-23 23:35:13,2026-06-23 23:35:13
722,738,26,2026-06-23 23:35:13,2026-06-23 23:35:13
723,739,27,2026-06-23 23:35:13,2026-06-23 23:35:13
724,740,26,2026-06-23 23:35:14,2026-06-23 23:35:14
725,741,27,2026-06-23 23:35:14,2026-06-23 23:35:14
726,742,26,2026-06-23 23:35:14,2026-06-23 23:35:14
727,743,26,2026-06-23 23:35:14,2026-06-23 23:35:14
728,744,26,2026-06-23 23:35:14,2026-06-23 23:35:14
729,745,27,2026-06-23 23:35:14,2026-06-23 23:35:14
730,746,27,2026-06-23 23:35:14,2026-06-23 23:35:14
731,747,26,2026-06-23 23:35:14,2026-06-23 23:35:14
732,748,26,2026-06-23 23:35:14,2026-06-23 23:35:14
733,749,26,2026-06-23 23:35:14,2026-06-23 23:35:14
734,750,26,2026-06-23 23:35:14,2026-06-23 23:35:14
735,751,28,2026-06-23 23:35:14,2026-06-23 23:35:14
736,752,28,2026-06-23 23:35:14,2026-06-23 23:35:14
737,753,28,2026-06-23 23:35:14,2026-06-23 23:35:14
738,754,28,2026-06-23 23:35:14,2026-06-23 23:35:14
739,755,28,2026-06-23 23:35:14,2026-06-23 23:35:14
740,756,28,2026-06-23 23:35:15,2026-06-23 23:35:15
741,757,28,2026-06-23 23:35:15,2026-06-23 23:35:15
742,758,28,2026-06-23 23:35:15,2026-06-23 23:35:15
743,759,28,2026-06-23 23:35:15,2026-06-23 23:35:15
744,760,28,2026-06-23 23:35:15,2026-06-23 23:35:15
745,761,28,2026-06-23 23:35:15,2026-06-23 23:35:15
746,762,28,2026-06-23 23:35:15,2026-06-23 23:35:15
747,763,28,2026-06-23 23:35:15,2026-06-23 23:35:15
748,764,28,2026-06-23 23:35:15,2026-06-23 23:35:15
749,765,28,2026-06-23 23:35:15,2026-06-23 23:35:15
750,766,28,2026-06-23 23:35:15,2026-06-23 23:35:15
751,767,28,2026-06-23 23:35:15,2026-06-23 23:35:15
752,768,28,2026-06-23 23:35:15,2026-06-23 23:35:15
753,769,28,2026-06-23 23:35:15,2026-06-23 23:35:15
754,770,28,2026-06-23 23:35:15,2026-06-23 23:35:15
755,771,28,2026-06-23 23:35:15,2026-06-23 23:35:15
756,772,28,2026-06-23 23:35:16,2026-06-23 23:35:16
757,773,28,2026-06-23 23:35:16,2026-06-23 23:35:16
758,774,28,2026-06-23 23:35:16,2026-06-23 23:35:16
759,775,28,2026-06-23 23:35:16,2026-06-23 23:35:16
760,776,28,2026-06-23 23:35:16,2026-06-23 23:35:16
761,777,28,2026-06-23 23:35:16,2026-06-23 23:35:16
762,778,28,2026-06-23 23:35:16,2026-06-23 23:35:16
763,779,28,2026-06-23 23:35:16,2026-06-23 23:35:16
764,780,28,2026-06-23 23:35:16,2026-06-23 23:35:16
765,781,28,2026-06-23 23:35:16,2026-06-23 23:35:16
766,782,28,2026-06-23 23:35:16,2026-06-23 23:35:16
767,783,28,2026-06-23 23:35:16,2026-06-23 23:35:16
768,784,28,2026-06-23 23:35:16,2026-06-23 23:35:16
769,785,28,2026-06-23 23:35:16,2026-06-23 23:35:16
