id,course_class_id,discipline_id,teacher_id,created_at,updated_at
1,6,1,2,2026-06-23 23:35:16,2026-06-23 23:35:16
2,6,2,3,2026-06-23 23:35:16,2026-06-23 23:35:16
3,6,3,4,2026-06-23 23:35:16,2026-06-23 23:35:16
4,6,4,5,2026-06-23 23:35:17,2026-06-23 23:35:17
5,6,4,6,2026-06-23 23:35:17,2026-06-23 23:35:17
6,6,5,7,2026-06-23 23:35:17,2026-06-23 23:35:17
7,6,6,8,2026-06-23 23:35:17,2026-06-23 23:35:17
8,6,7,9,2026-06-23 23:35:17,2026-06-23 23:35:17
9,6,8,10,2026-06-23 23:35:17,2026-06-23 23:35:17
10,6,8,1,2026-06-23 23:35:17,2026-06-23 23:35:17
11,6,9,11,2026-06-23 23:35:17,2026-06-23 23:35:17
12,6,10,12,2026-06-23 23:35:17,2026-06-23 23:35:17
13,6,11,3,2026-06-23 23:35:17,2026-06-23 23:35:17
14,6,12,13,2026-06-23 23:35:17,2026-06-23 23:35:17
15,6,13,14,2026-06-23 23:35:17,2026-06-23 23:35:17
16,1,1,2,2026-06-23 23:35:17,2026-06-23 23:35:17
17,1,2,3,2026-06-23 23:35:17,2026-06-23 23:35:17
18,1,3,4,2026-06-23 23:35:17,2026-06-23 23:35:17
19,1,4,5,2026-06-23 23:35:17,2026-06-23 23:35:17
20,1,4,6,2026-06-23 23:35:17,2026-06-23 23:35:17
21,1,5,7,2026-06-23 23:35:17,2026-06-23 23:35:17
22,1,6,8,2026-06-23 23:35:17,2026-06-23 23:35:17
23,1,7,9,2026-06-23 23:35:17,2026-06-23 23:35:17
24,1,8,10,2026-06-23 23:35:17,2026-06-23 23:35:17
25,1,8,1,2026-06-23 23:35:17,2026-06-23 23:35:17
26,1,9,11,2026-06-23 23:35:17,2026-06-23 23:35:17
27,1,10,15,2026-06-23 23:35:17,2026-06-23 23:35:17
28,1,11,16,2026-06-23 23:35:17,2026-06-23 23:35:17
29,1,12,13,2026-06-23 23:35:17,2026-06-23 23:35:17
30,1,13,14,2026-06-23 23:35:17,2026-06-23 23:35:17
31,3,14,17,2026-06-23 23:35:17,2026-06-23 23:35:17
32,3,15,9,2026-06-23 23:35:17,2026-06-23 23:35:17
33,3,16,18,2026-06-23 23:35:17,2026-06-23 23:35:17
34,3,16,19,2026-06-23 23:35:17,2026-06-23 23:35:17
35,3,17,20,2026-06-23 23:35:17,2026-06-23 23:35:17
36,3,18,21,2026-06-23 23:35:17,2026-06-23 23:35:17
37,3,19,22,2026-06-23 23:35:17,2026-06-23 23:35:17
38,3,20,1,2026-06-23 23:35:17,2026-06-23 23:35:17
39,3,21,6,2026-06-23 23:35:17,2026-06-23 23:35:17
40,3,22,20,2026-06-23 23:35:17,2026-06-23 23:35:17
41,3,23,12,2026-06-23 23:35:17,2026-06-23 23:35:17
42,3,24,23,2026-06-23 23:35:17,2026-06-23 23:35:17
43,3,25,13,2026-06-23 23:35:17,2026-06-23 23:35:17
44,3,26,24,2026-06-23 23:35:17,2026-06-23 23:35:17
45,2,14,17,2026-06-23 23:35:18,2026-06-23 23:35:18
46,2,15,9,2026-06-23 23:35:18,2026-06-23 23:35:18
47,2,16,18,2026-06-23 23:35:18,2026-06-23 23:35:18
48,2,16,19,2026-06-23 23:35:18,2026-06-23 23:35:18
49,2,17,25,2026-06-23 23:35:18,2026-06-23 23:35:18
50,2,18,21,2026-06-23 23:35:18,2026-06-23 23:35:18
51,2,19,26,2026-06-23 23:35:18,2026-06-23 23:35:18
52,2,20,1,2026-06-23 23:35:18,2026-06-23 23:35:18
53,2,21,6,2026-06-23 23:35:18,2026-06-23 23:35:18
54,2,22,20,2026-06-23 23:35:18,2026-06-23 23:35:18
55,2,23,15,2026-06-23 23:35:18,2026-06-23 23:35:18
56,2,24,1,2026-06-23 23:35:18,2026-06-23 23:35:18
57,2,25,13,2026-06-23 23:35:18,2026-06-23 23:35:18
58,2,26,24,2026-06-23 23:35:18,2026-06-23 23:35:18
59,5,27,17,2026-06-23 23:35:18,2026-06-23 23:35:18
60,5,28,6,2026-06-23 23:35:18,2026-06-23 23:35:18
61,5,29,27,2026-06-23 23:35:18,2026-06-23 23:35:18
62,5,30,28,2026-06-23 23:35:18,2026-06-23 23:35:18
63,5,31,29,2026-06-23 23:35:18,2026-06-23 23:35:18
64,5,32,14,2026-06-23 23:35:18,2026-06-23 23:35:18
65,5,33,30,2026-06-23 23:35:18,2026-06-23 23:35:18
66,5,34,18,2026-06-23 23:35:18,2026-06-23 23:35:18
67,5,34,19,2026-06-23 23:35:18,2026-06-23 23:35:18
68,5,35,11,2026-06-23 23:35:18,2026-06-23 23:35:18
69,5,36,31,2026-06-23 23:35:18,2026-06-23 23:35:18
70,5,37,23,2026-06-23 23:35:18,2026-06-23 23:35:18
71,5,38,28,2026-06-23 23:35:18,2026-06-23 23:35:18
72,5,39,13,2026-06-23 23:35:18,2026-06-23 23:35:18
73,4,27,32,2026-06-23 23:35:18,2026-06-23 23:35:18
74,4,28,6,2026-06-23 23:35:18,2026-06-23 23:35:18
75,4,29,27,2026-06-23 23:35:18,2026-06-23 23:35:18
76,4,30,28,2026-06-23 23:35:18,2026-06-23 23:35:18
77,4,31,29,2026-06-23 23:35:18,2026-06-23 23:35:18
78,4,32,14,2026-06-23 23:35:18,2026-06-23 23:35:18
79,4,33,30,2026-06-23 23:35:18,2026-06-23 23:35:18
80,4,34,18,2026-06-23 23:35:18,2026-06-23 23:35:18
81,4,34,19,2026-06-23 23:35:18,2026-06-23 23:35:18
82,4,35,25,2026-06-23 23:35:18,2026-06-23 23:35:18
83,4,36,31,2026-06-23 23:35:18,2026-06-23 23:35:18
84,4,37,12,2026-06-23 23:35:19,2026-06-23 23:35:19
85,4,38,28,2026-06-23 23:35:19,2026-06-23 23:35:19
86,4,39,13,2026-06-23 23:35:19,2026-06-23 23:35:19
87,15,40,32,2026-06-23 23:35:19,2026-06-23 23:35:19
88,15,41,4,2026-06-23 23:35:19,2026-06-23 23:35:19
89,15,42,7,2026-06-23 23:35:19,2026-06-23 23:35:19
90,15,43,33,2026-06-23 23:35:19,2026-06-23 23:35:19
91,15,44,32,2026-06-23 23:35:19,2026-06-23 23:35:19
92,15,45,9,2026-06-23 23:35:19,2026-06-23 23:35:19
93,15,46,10,2026-06-23 23:35:19,2026-06-23 23:35:19
94,15,46,1,2026-06-23 23:35:19,2026-06-23 23:35:19
95,15,47,5,2026-06-23 23:35:19,2026-06-23 23:35:19
96,15,47,6,2026-06-23 23:35:19,2026-06-23 23:35:19
97,15,48,33,2026-06-23 23:35:19,2026-06-23 23:35:19
98,15,49,31,2026-06-23 23:35:19,2026-06-23 23:35:19
99,15,50,34,2026-06-23 23:35:19,2026-06-23 23:35:19
100,15,51,13,2026-06-23 23:35:19,2026-06-23 23:35:19
101,15,52,24,2026-06-23 23:35:19,2026-06-23 23:35:19
102,13,53,17,2026-06-23 23:35:19,2026-06-23 23:35:19
103,13,54,9,2026-06-23 23:35:19,2026-06-23 23:35:19
104,13,55,30,2026-06-23 23:35:19,2026-06-23 23:35:19
105,13,56,18,2026-06-23 23:35:19,2026-06-23 23:35:19
106,13,56,19,2026-06-23 23:35:19,2026-06-23 23:35:19
107,13,57,25,2026-06-23 23:35:19,2026-06-23 23:35:19
108,13,58,33,2026-06-23 23:35:19,2026-06-23 23:35:19
109,13,58,17,2026-06-23 23:35:19,2026-06-23 23:35:19
110,13,59,5,2026-06-23 23:35:19,2026-06-23 23:35:19
111,13,59,6,2026-06-23 23:35:19,2026-06-23 23:35:19
112,13,60,20,2026-06-23 23:35:19,2026-06-23 23:35:19
113,13,61,34,2026-06-23 23:35:19,2026-06-23 23:35:19
114,13,62,29,2026-06-23 23:35:19,2026-06-23 23:35:19
115,13,63,13,2026-06-23 23:35:19,2026-06-23 23:35:19
116,13,64,24,2026-06-23 23:35:19,2026-06-23 23:35:19
117,14,65,32,2026-06-23 23:35:19,2026-06-23 23:35:19
118,14,66,6,2026-06-23 23:35:19,2026-06-23 23:35:19
119,14,67,23,2026-06-23 23:35:19,2026-06-23 23:35:19
120,14,68,29,2026-06-23 23:35:19,2026-06-23 23:35:19
121,14,69,14,2026-06-23 23:35:19,2026-06-23 23:35:19
122,14,70,30,2026-06-23 23:35:19,2026-06-23 23:35:19
123,14,71,32,2026-06-23 23:35:19,2026-06-23 23:35:19
124,14,72,18,2026-06-23 23:35:20,2026-06-23 23:35:20
125,14,72,19,2026-06-23 23:35:20,2026-06-23 23:35:20
126,14,73,25,2026-06-23 23:35:20,2026-06-23 23:35:20
127,14,74,31,2026-06-23 23:35:20,2026-06-23 23:35:20
128,14,75,33,2026-06-23 23:35:20,2026-06-23 23:35:20
129,14,76,23,2026-06-23 23:35:20,2026-06-23 23:35:20
130,14,77,13,2026-06-23 23:35:20,2026-06-23 23:35:20
131,25,78,35,2026-06-23 23:35:20,2026-06-23 23:35:20
132,25,79,36,2026-06-23 23:35:20,2026-06-23 23:35:20
133,25,80,37,2026-06-23 23:35:20,2026-06-23 23:35:20
134,25,81,38,2026-06-23 23:35:20,2026-06-23 23:35:20
135,25,82,23,2026-06-23 23:35:20,2026-06-23 23:35:20
136,25,83,36,2026-06-23 23:35:20,2026-06-23 23:35:20
137,25,84,37,2026-06-23 23:35:20,2026-06-23 23:35:20
138,25,85,39,2026-06-23 23:35:20,2026-06-23 23:35:20
139,25,85,40,2026-06-23 23:35:20,2026-06-23 23:35:20
140,24,86,36,2026-06-23 23:35:20,2026-06-23 23:35:20
141,24,87,37,2026-06-23 23:35:20,2026-06-23 23:35:20
142,24,88,41,2026-06-23 23:35:20,2026-06-23 23:35:20
143,24,89,42,2026-06-23 23:35:20,2026-06-23 23:35:20
144,24,90,37,2026-06-23 23:35:20,2026-06-23 23:35:20
145,24,91,43,2026-06-23 23:35:20,2026-06-23 23:35:20
146,22,92,44,2026-06-23 23:35:20,2026-06-23 23:35:20
147,22,92,45,2026-06-23 23:35:20,2026-06-23 23:35:20
148,22,93,46,2026-06-23 23:35:20,2026-06-23 23:35:20
149,22,94,7,2026-06-23 23:35:20,2026-06-23 23:35:20
150,22,95,47,2026-06-23 23:35:20,2026-06-23 23:35:20
151,22,96,48,2026-06-23 23:35:20,2026-06-23 23:35:20
152,22,97,48,2026-06-23 23:35:20,2026-06-23 23:35:20
153,22,98,45,2026-06-23 23:35:20,2026-06-23 23:35:20
154,22,98,49,2026-06-23 23:35:20,2026-06-23 23:35:20
155,21,99,48,2026-06-23 23:35:20,2026-06-23 23:35:20
156,21,100,44,2026-06-23 23:35:20,2026-06-23 23:35:20
157,21,101,46,2026-06-23 23:35:20,2026-06-23 23:35:20
158,21,102,2,2026-06-23 23:35:20,2026-06-23 23:35:20
159,21,103,46,2026-06-23 23:35:20,2026-06-23 23:35:20
160,21,104,47,2026-06-23 23:35:20,2026-06-23 23:35:20
161,21,105,45,2026-06-23 23:35:20,2026-06-23 23:35:20
162,21,105,49,2026-06-23 23:35:20,2026-06-23 23:35:20
163,21,106,44,2026-06-23 23:35:20,2026-06-23 23:35:20
164,23,107,45,2026-06-23 23:35:20,2026-06-23 23:35:20
165,23,107,46,2026-06-23 23:35:21,2026-06-23 23:35:21
166,23,108,47,2026-06-23 23:35:21,2026-06-23 23:35:21
167,23,109,45,2026-06-23 23:35:21,2026-06-23 23:35:21
168,23,109,49,2026-06-23 23:35:21,2026-06-23 23:35:21
169,23,110,45,2026-06-23 23:35:21,2026-06-23 23:35:21
170,23,110,49,2026-06-23 23:35:21,2026-06-23 23:35:21
171,23,111,44,2026-06-23 23:35:21,2026-06-23 23:35:21
172,23,112,44,2026-06-23 23:35:21,2026-06-23 23:35:21
173,23,113,48,2026-06-23 23:35:21,2026-06-23 23:35:21
174,17,114,50,2026-06-23 23:35:21,2026-06-23 23:35:21
175,17,115,51,2026-06-23 23:35:21,2026-06-23 23:35:21
176,17,115,52,2026-06-23 23:35:21,2026-06-23 23:35:21
177,17,116,53,2026-06-23 23:35:21,2026-06-23 23:35:21
178,17,117,23,2026-06-23 23:35:21,2026-06-23 23:35:21
179,17,118,54,2026-06-23 23:35:21,2026-06-23 23:35:21
180,17,119,54,2026-06-23 23:35:21,2026-06-23 23:35:21
181,16,120,55,2026-06-23 23:35:21,2026-06-23 23:35:21
182,16,121,47,2026-06-23 23:35:21,2026-06-23 23:35:21
183,16,122,15,2026-06-23 23:35:21,2026-06-23 23:35:21
184,16,123,55,2026-06-23 23:35:21,2026-06-23 23:35:21
185,16,124,50,2026-06-23 23:35:21,2026-06-23 23:35:21
186,16,125,53,2026-06-23 23:35:21,2026-06-23 23:35:21
187,18,126,55,2026-06-23 23:35:21,2026-06-23 23:35:21
188,18,127,50,2026-06-23 23:35:21,2026-06-23 23:35:21
189,18,128,55,2026-06-23 23:35:21,2026-06-23 23:35:21
190,18,129,51,2026-06-23 23:35:21,2026-06-23 23:35:21
191,18,129,38,2026-06-23 23:35:21,2026-06-23 23:35:21
192,18,130,50,2026-06-23 23:35:21,2026-06-23 23:35:21
193,18,131,53,2026-06-23 23:35:21,2026-06-23 23:35:21
194,10,132,38,2026-06-23 23:35:21,2026-06-23 23:35:21
195,10,133,16,2026-06-23 23:35:21,2026-06-23 23:35:21
196,10,134,38,2026-06-23 23:35:21,2026-06-23 23:35:21
197,10,135,25,2026-06-23 23:35:21,2026-06-23 23:35:21
198,10,136,12,2026-06-23 23:35:21,2026-06-23 23:35:21
199,10,137,12,2026-06-23 23:35:21,2026-06-23 23:35:21
200,10,138,7,2026-06-23 23:35:21,2026-06-23 23:35:21
201,8,139,2,2026-06-23 23:35:21,2026-06-23 23:35:21
202,8,140,52,2026-06-23 23:35:21,2026-06-23 23:35:21
203,8,141,38,2026-06-23 23:35:21,2026-06-23 23:35:21
204,8,142,26,2026-06-23 23:35:21,2026-06-23 23:35:21
205,8,143,27,2026-06-23 23:35:21,2026-06-23 23:35:21
206,8,144,56,2026-06-23 23:35:22,2026-06-23 23:35:22
207,7,145,16,2026-06-23 23:35:22,2026-06-23 23:35:22
208,7,146,21,2026-06-23 23:35:22,2026-06-23 23:35:22
209,7,147,38,2026-06-23 23:35:22,2026-06-23 23:35:22
210,7,148,55,2026-06-23 23:35:22,2026-06-23 23:35:22
211,7,149,56,2026-06-23 23:35:22,2026-06-23 23:35:22
212,7,150,26,2026-06-23 23:35:22,2026-06-23 23:35:22
213,7,151,56,2026-06-23 23:35:22,2026-06-23 23:35:22
214,27,152,39,2026-06-23 23:35:22,2026-06-23 23:35:22
215,27,153,57,2026-06-23 23:35:22,2026-06-23 23:35:22
216,27,153,43,2026-06-23 23:35:22,2026-06-23 23:35:22
217,27,153,58,2026-06-23 23:35:22,2026-06-23 23:35:22
218,27,154,58,2026-06-23 23:35:22,2026-06-23 23:35:22
219,27,155,43,2026-06-23 23:35:22,2026-06-23 23:35:22
220,27,156,58,2026-06-23 23:35:22,2026-06-23 23:35:22
221,27,157,41,2026-06-23 23:35:22,2026-06-23 23:35:22
222,27,158,57,2026-06-23 23:35:22,2026-06-23 23:35:22
223,11,159,8,2026-06-23 23:35:22,2026-06-23 23:35:22
224,11,160,24,2026-06-23 23:35:22,2026-06-23 23:35:22
225,11,161,35,2026-06-23 23:35:22,2026-06-23 23:35:22
226,11,162,4,2026-06-23 23:35:22,2026-06-23 23:35:22
227,11,163,14,2026-06-23 23:35:22,2026-06-23 23:35:22
228,11,164,22,2026-06-23 23:35:22,2026-06-23 23:35:22
229,11,165,25,2026-06-23 23:35:22,2026-06-23 23:35:22
230,11,166,35,2026-06-23 23:35:22,2026-06-23 23:35:22
231,11,167,34,2026-06-23 23:35:22,2026-06-23 23:35:22
232,11,168,39,2026-06-23 23:35:22,2026-06-23 23:35:22
233,11,168,40,2026-06-23 23:35:22,2026-06-23 23:35:22
234,11,169,24,2026-06-23 23:35:22,2026-06-23 23:35:22
235,12,170,8,2026-06-23 23:35:22,2026-06-23 23:35:22
236,12,171,9,2026-06-23 23:35:22,2026-06-23 23:35:22
237,12,172,24,2026-06-23 23:35:22,2026-06-23 23:35:22
238,12,173,30,2026-06-23 23:35:22,2026-06-23 23:35:22
239,12,173,10,2026-06-23 23:35:22,2026-06-23 23:35:22
240,12,174,4,2026-06-23 23:35:22,2026-06-23 23:35:22
241,12,175,14,2026-06-23 23:35:22,2026-06-23 23:35:22
242,12,176,22,2026-06-23 23:35:22,2026-06-23 23:35:22
243,12,177,35,2026-06-23 23:35:22,2026-06-23 23:35:22
244,12,178,34,2026-06-23 23:35:22,2026-06-23 23:35:22
245,12,179,24,2026-06-23 23:35:22,2026-06-23 23:35:22
246,12,180,22,2026-06-23 23:35:22,2026-06-23 23:35:22
247,29,181,7,2026-06-23 23:35:23,2026-06-23 23:35:23
248,29,182,50,2026-06-23 23:35:23,2026-06-23 23:35:23
249,29,183,29,2026-06-23 23:35:23,2026-06-23 23:35:23
250,29,184,35,2026-06-23 23:35:23,2026-06-23 23:35:23
251,29,185,23,2026-06-23 23:35:23,2026-06-23 23:35:23
252,29,186,56,2026-06-23 23:35:23,2026-06-23 23:35:23
253,29,187,4,2026-06-23 23:35:23,2026-06-23 23:35:23
254,29,188,29,2026-06-23 23:35:23,2026-06-23 23:35:23
255,29,189,42,2026-06-23 23:35:23,2026-06-23 23:35:23
256,29,190,57,2026-06-23 23:35:23,2026-06-23 23:35:23
257,29,191,30,2026-06-23 23:35:23,2026-06-23 23:35:23
258,19,192,54,2026-06-23 23:35:23,2026-06-23 23:35:23
259,26,193,8,2026-06-23 23:35:23,2026-06-23 23:35:23
260,26,194,43,2026-06-23 23:35:23,2026-06-23 23:35:23
261,26,194,58,2026-06-23 23:35:23,2026-06-23 23:35:23
262,26,195,36,2026-06-23 23:35:23,2026-06-23 23:35:23
264,26,196,10,2026-06-23 23:35:23,2026-06-23 23:35:23
266,26,197,38,2026-06-23 23:35:23,2026-06-23 23:35:23
267,26,198,42,2026-06-23 23:35:23,2026-06-23 23:35:23
268,26,199,34,2026-06-23 23:35:23,2026-06-23 23:35:23
269,26,200,59,2026-06-23 23:35:23,2026-06-23 23:35:23
270,26,200,46,2026-06-23 23:35:23,2026-06-23 23:35:23
271,26,201,39,2026-06-23 23:35:23,2026-06-23 23:35:23
272,26,201,57,2026-06-23 23:35:23,2026-06-23 23:35:23
273,28,202,51,2026-06-23 23:35:23,2026-06-23 23:35:23
274,28,202,52,2026-06-23 23:35:23,2026-06-23 23:35:23
275,28,203,54,2026-06-23 23:35:23,2026-06-23 23:35:23
276,28,204,11,2026-06-23 23:35:23,2026-06-23 23:35:23
277,28,205,8,2026-06-23 23:35:23,2026-06-23 23:35:23
278,28,206,9,2026-06-23 23:35:23,2026-06-23 23:35:23
279,28,207,1,2026-06-23 23:35:23,2026-06-23 23:35:23
280,28,208,4,2026-06-23 23:35:23,2026-06-23 23:35:23
281,28,209,5,2026-06-23 23:35:23,2026-06-23 23:35:23
282,28,209,6,2026-06-23 23:35:23,2026-06-23 23:35:23
283,28,210,31,2026-06-23 23:35:23,2026-06-23 23:35:23
284,28,211,15,2026-06-23 23:35:23,2026-06-23 23:35:23
285,28,212,13,2026-06-23 23:35:23,2026-06-23 23:35:23
286,28,213,14,2026-06-23 23:35:23,2026-06-23 23:35:23
287,29,214,8,2026-06-23 23:35:23,2026-06-23 23:35:23
288,29,215,9,2026-06-23 23:35:24,2026-06-23 23:35:24
289,29,216,9,2026-06-23 23:35:24,2026-06-23 23:35:24
290,20,192,54,2026-06-23 23:35:24,2026-06-23 23:35:24
291,9,217,16,2026-06-23 23:35:24,2026-06-23 23:35:24
