id,course_id,name,code,period,created_at,updated_at
1,1,Fundamentos Básicos e Aplicados À Informática,INT.0829,,2026-06-23 23:34:23,2026-06-23 23:34:23
2,1,Arquitetura e Montagem de Computadores,INT.1144,,2026-06-23 23:34:23,2026-06-23 23:34:23
3,1,Geografia I,INT.0106,,2026-06-23 23:34:23,2026-06-23 23:34:23
4,1,História I,INT.0268,,2026-06-23 23:34:23,2026-06-23 23:34:23
5,1,Arte I,INT.0587,,2026-06-23 23:34:23,2026-06-23 23:34:23
6,1,Biologia I,INT.0093,,2026-06-23 23:34:23,2026-06-23 23:34:23
7,1,Educação Física I,INT.0076,,2026-06-23 23:34:23,2026-06-23 23:34:23
8,1,Física I,INT.0048,,2026-06-23 23:34:23,2026-06-23 23:34:23
9,1,Língua Portuguesa I,INT.0255,,2026-06-23 23:34:23,2026-06-23 23:34:23
10,1,Matemática I,INT.0349,,2026-06-23 23:34:23,2026-06-23 23:34:23
11,1,Projeto Integrador 1,INT.0239,,2026-06-23 23:34:23,2026-06-23 23:34:23
12,1,Química I,INT.0346,,2026-06-23 23:34:23,2026-06-23 23:34:23
13,1,Sociologia I,INT.0150,,2026-06-23 23:34:23,2026-06-23 23:34:23
14,1,Biologia II,INT.0248,,2026-06-23 23:34:23,2026-06-23 23:34:23
15,1,Educação Física II,INT.0225,,2026-06-23 23:34:23,2026-06-23 23:34:23
16,1,Geografia II,INT.0261,,2026-06-23 23:34:23,2026-06-23 23:34:23
17,1,Arte III,INT.0472,,2026-06-23 23:34:23,2026-06-23 23:34:23
18,1,Programação Orientada À Objetos,INT.1114,,2026-06-23 23:34:23,2026-06-23 23:34:23
19,1,Configuração de Redes e Servidores,INT.0631,,2026-06-23 23:34:23,2026-06-23 23:34:23
20,1,Física II,INT.0269,,2026-06-23 23:34:23,2026-06-23 23:34:23
21,1,História II,INT.0341,,2026-06-23 23:34:23,2026-06-23 23:34:23
22,1,Língua Portuguesa II,INT.0267,,2026-06-23 23:34:23,2026-06-23 23:34:23
23,1,Matemática II,INT.0019,,2026-06-23 23:34:23,2026-06-23 23:34:23
24,1,Projeto Integrador 3,INT.0494,,2026-06-23 23:34:23,2026-06-23 23:34:23
25,1,Química II,INT.0245,,2026-06-23 23:34:23,2026-06-23 23:34:23
26,1,Sociologia III,INT.0250,,2026-06-23 23:34:24,2026-06-23 23:34:24
27,1,Biologia III,INT.0005,,2026-06-23 23:34:24,2026-06-23 23:34:24
28,1,História III,INT.0394,,2026-06-23 23:34:24,2026-06-23 23:34:24
29,1,Banco de Dados,INT.0439,,2026-06-23 23:34:24,2026-06-23 23:34:24
30,1,Desenvolvimento Web,INT.0308,,2026-06-23 23:34:24,2026-06-23 23:34:24
31,1,Educação Física III,INT.0339,,2026-06-23 23:34:24,2026-06-23 23:34:24
32,1,Filosofia II,INT.0023,,2026-06-23 23:34:24,2026-06-23 23:34:24
33,1,Física III,INT.0246,,2026-06-23 23:34:24,2026-06-23 23:34:24
34,1,Geografia III,INT.0113,,2026-06-23 23:34:24,2026-06-23 23:34:24
35,1,Língua Estrangeira - Inglês II,INT.0356,,2026-06-23 23:34:24,2026-06-23 23:34:24
36,1,Língua Portuguesa III,INT.0040,,2026-06-23 23:34:24,2026-06-23 23:34:24
37,1,Matemática III,INT.0275,,2026-06-23 23:34:24,2026-06-23 23:34:24
38,1,Projeto Integrador 5,INT.0089,,2026-06-23 23:34:24,2026-06-23 23:34:24
39,1,Química III,INT.0224,,2026-06-23 23:34:24,2026-06-23 23:34:24
40,4,Biologia I,INT.0093,,2026-06-23 23:34:24,2026-06-23 23:34:24
41,4,Geografia I,INT.0106,,2026-06-23 23:34:24,2026-06-23 23:34:24
42,4,Arte I,INT.0587,,2026-06-23 23:34:24,2026-06-23 23:34:24
43,4,Projeto Integrador 1,INT.0239,,2026-06-23 23:34:24,2026-06-23 23:34:24
44,4,Biologia Celular,INT.0989,,2026-06-23 23:34:24,2026-06-23 23:34:24
45,4,Educação Física I,INT.0076,,2026-06-23 23:34:24,2026-06-23 23:34:24
46,4,Física I,INT.0048,,2026-06-23 23:34:24,2026-06-23 23:34:24
47,4,História I,INT.0268,,2026-06-23 23:34:24,2026-06-23 23:34:24
48,4,Introdução À Biotecnologia e Fundamentos de Laboratórios,INT.0479,,2026-06-23 23:34:24,2026-06-23 23:34:24
49,4,Língua Portuguesa I,INT.0255,,2026-06-23 23:34:24,2026-06-23 23:34:24
50,4,Matemática I,INT.0349,,2026-06-23 23:34:24,2026-06-23 23:34:24
51,4,Química I,INT.0346,,2026-06-23 23:34:24,2026-06-23 23:34:24
52,4,Sociologia I,INT.0150,,2026-06-23 23:34:24,2026-06-23 23:34:24
53,4,Biologia II,INT.0248,,2026-06-23 23:34:24,2026-06-23 23:34:24
54,4,Educação Física II,INT.0225,,2026-06-23 23:34:24,2026-06-23 23:34:24
55,4,Física II,INT.0269,,2026-06-23 23:34:24,2026-06-23 23:34:24
56,4,Geografia II,INT.0261,,2026-06-23 23:34:24,2026-06-23 23:34:24
57,4,Arte III,INT.0472,,2026-06-23 23:34:24,2026-06-23 23:34:24
58,4,Cultivo de Célula Vegetal e Animal,INT.0862,,2026-06-23 23:34:24,2026-06-23 23:34:24
59,4,História II,INT.0341,,2026-06-23 23:34:24,2026-06-23 23:34:24
60,4,Língua Portuguesa II,INT.0267,,2026-06-23 23:34:24,2026-06-23 23:34:24
61,4,Matemática II,INT.0019,,2026-06-23 23:34:24,2026-06-23 23:34:24
62,4,Projeto Integrador 3,INT.0494,,2026-06-23 23:34:24,2026-06-23 23:34:24
63,4,Química II,INT.0245,,2026-06-23 23:34:24,2026-06-23 23:34:24
64,4,Sociologia III,INT.0250,,2026-06-23 23:34:24,2026-06-23 23:34:24
65,4,Biologia III,INT.0005,,2026-06-23 23:34:24,2026-06-23 23:34:24
66,4,História III,INT.0394,,2026-06-23 23:34:24,2026-06-23 23:34:24
67,4,Matemática III,INT.0275,,2026-06-23 23:34:24,2026-06-23 23:34:24
68,4,Educação Física III,INT.0339,,2026-06-23 23:34:24,2026-06-23 23:34:24
69,4,Filosofia II,INT.0023,,2026-06-23 23:34:24,2026-06-23 23:34:24
70,4,Física III,INT.0246,,2026-06-23 23:34:24,2026-06-23 23:34:24
71,4,Genética,INT.0691,,2026-06-23 23:34:24,2026-06-23 23:34:24
72,4,Geografia III,INT.0113,,2026-06-23 23:34:25,2026-06-23 23:34:25
73,4,Língua Estrangeira - Inglês II,INT.0356,,2026-06-23 23:34:25,2026-06-23 23:34:25
74,4,Língua Portuguesa III,INT.0040,,2026-06-23 23:34:25,2026-06-23 23:34:25
75,4,Microbiologia Aplicada À Biotecnologia,INT.0978,,2026-06-23 23:34:25,2026-06-23 23:34:25
76,4,Projeto Integrador 5,INT.0089,,2026-06-23 23:34:25,2026-06-23 23:34:25
77,4,Química III,INT.0224,,2026-06-23 23:34:25,2026-06-23 23:34:25
78,7,Comunicação,SUB.0843,,2026-06-23 23:34:25,2026-06-23 23:34:25
79,7,Biologia Celular e Molecular Básica,SUB.0227,,2026-06-23 23:34:25,2026-06-23 23:34:25
80,7,Conduta Profissional e Biossegurança,SUB.0181,,2026-06-23 23:34:25,2026-06-23 23:34:25
81,7,Informática Básica,SUB.0152,,2026-06-23 23:34:25,2026-06-23 23:34:25
82,7,Matemática Aplicada,SUB.0836,,2026-06-23 23:34:25,2026-06-23 23:34:25
83,7,Morfofisiologia Humana,SUB.1050,,2026-06-23 23:34:25,2026-06-23 23:34:25
84,7,Projeto Integrador 1,SUB.0764,,2026-06-23 23:34:25,2026-06-23 23:34:25
85,7,Soluções Químicas,SUB.1114,,2026-06-23 23:34:25,2026-06-23 23:34:25
86,7,Biologia Celular e Molecular Avançada,SUB.0660,,2026-06-23 23:34:25,2026-06-23 23:34:25
87,7,Hematologia Clínica,SUB.0391,,2026-06-23 23:34:25,2026-06-23 23:34:25
88,7,Imunologia Clínica,SUB.0343,,2026-06-23 23:34:25,2026-06-23 23:34:25
89,7,Líquidos Corporais e Urinálise,SUB.0929,,2026-06-23 23:34:25,2026-06-23 23:34:25
90,7,Parasitologia Clínica,SUB.0127,,2026-06-23 23:34:25,2026-06-23 23:34:25
91,7,Projeto Integrador 3,SUB.0405,,2026-06-23 23:34:25,2026-06-23 23:34:25
92,6,Biossegurança e Segurança no Trabalho de Enfermagem,SUB.0702,,2026-06-23 23:34:25,2026-06-23 23:34:25
93,6,Anatomia e Fisiologia Humana,SUB.0747,,2026-06-23 23:34:25,2026-06-23 23:34:25
94,6,Comunicação e Expressão em Língua Portuguesa,SUB.0694,,2026-06-23 23:34:25,2026-06-23 23:34:25
95,6,Fundamentos de Enfermagem,SUB.0993,,2026-06-23 23:34:25,2026-06-23 23:34:25
96,6,Legislação e Ética em Enfermagem,SUB.1033,,2026-06-23 23:34:25,2026-06-23 23:34:25
97,6,Projeto Integrador 1,SUB.0049,,2026-06-23 23:34:25,2026-06-23 23:34:25
98,6,Saúde Pública,SUB.1158,,2026-06-23 23:34:25,2026-06-23 23:34:25
99,6,Apoio Ao Diagnóstico e Organização dos Serviços de Saúde,SUB.0756,,2026-06-23 23:34:25,2026-06-23 23:34:25
100,6,Doenças Infectocontagiosas,SUB.1160,,2026-06-23 23:34:25,2026-06-23 23:34:25
101,6,Farmacologia,SUB.0449,,2026-06-23 23:34:25,2026-06-23 23:34:25
102,6,Informática Básica e Ensino Ead,SUB.0666,,2026-06-23 23:34:25,2026-06-23 23:34:25
103,6,Microbiologia e Parasitologia,SUB.0822,,2026-06-23 23:34:25,2026-06-23 23:34:25
104,6,Projeto Integrador 2,SUB.0298,,2026-06-23 23:34:25,2026-06-23 23:34:25
105,6,Saúde do Adulto e do Idoso,SUB.0170,,2026-06-23 23:34:25,2026-06-23 23:34:25
106,6,Terapia nutricional na enfermagem,SUB.1159,,2026-06-23 23:34:25,2026-06-23 23:34:25
107,6,Atenção Ao Paciente Crítico,SUB.0867,,2026-06-23 23:34:25,2026-06-23 23:34:25
108,6,Enfermagem Materno Infantil,SUB.0382,,2026-06-23 23:34:25,2026-06-23 23:34:25
109,6,Enfermagem em Clínica Cirúrgica e Centro Cirúrgico,SUB.1086,,2026-06-23 23:34:25,2026-06-23 23:34:25
110,6,Enfermagem em Urgência e Emergência,SUB.0875,,2026-06-23 23:34:25,2026-06-23 23:34:25
111,6,Projeto Integrador 3,SUB.0213,,2026-06-23 23:34:25,2026-06-23 23:34:25
112,6,Saúde Mental e Psicologia no Atendimento em Saúde,SUB.1161,,2026-06-23 23:34:25,2026-06-23 23:34:25
113,6,Vigilância em Saúde,SUB.0566,,2026-06-23 23:34:25,2026-06-23 23:34:25
114,5,Atividades de Extensão I,TCN.0750,,2026-06-23 23:34:25,2026-06-23 23:34:25
115,5,Desenho Auxiliado Por Computador,TCN.0070,,2026-06-23 23:34:25,2026-06-23 23:34:25
116,5,Introdução À Produção Industrial,TCN.0569,,2026-06-23 23:34:25,2026-06-23 23:34:25
117,5,Matemática Básica,TCN.0209,,2026-06-23 23:34:25,2026-06-23 23:34:25
118,5,Metodologia Científica,TCN.0110,,2026-06-23 23:34:25,2026-06-23 23:34:25
119,5,Teoria Geral da Administração,TCN.0353,,2026-06-23 23:34:25,2026-06-23 23:34:25
120,5,Atividades de Extensão III,TCN.0812,,2026-06-23 23:34:25,2026-06-23 23:34:25
121,5,"Ergonomia, Saúde e Segurança Ocupacional",TCN.0516,,2026-06-23 23:34:25,2026-06-23 23:34:25
122,5,Estatística Aplicada,TCN.0284,,2026-06-23 23:34:25,2026-06-23 23:34:25
123,5,Gestão da Cadeia de Suprimento,TCN.0533,,2026-06-23 23:34:25,2026-06-23 23:34:25
124,5,Gestão da Produção II,TCN.0111,,2026-06-23 23:34:25,2026-06-23 23:34:25
125,5,Gestão da Qualidade,TCN.0331,,2026-06-23 23:34:25,2026-06-23 23:34:25
126,5,Administração Estratégica,TCN.0816,,2026-06-23 23:34:25,2026-06-23 23:34:25
127,5,Atividades de Extensão V,TCN.0818,,2026-06-23 23:34:25,2026-06-23 23:34:25
128,5,Fabricação Digital,TCN.0817,,2026-06-23 23:34:25,2026-06-23 23:34:25
129,5,Lógica de Programação,TCN.0333,,2026-06-23 23:34:25,2026-06-23 23:34:25
130,5,Metodologia da Pesquisa TCC,TCN.0585,,2026-06-23 23:34:25,2026-06-23 23:34:25
131,5,Pesquisa Operacional,TCN.0283,,2026-06-23 23:34:26,2026-06-23 23:34:26
132,2,Algoritmos e Laboratório de Programação,TCN.0208,,2026-06-23 23:34:26,2026-06-23 23:34:26
133,2,Fundamentos de Informática,TCN.0413,,2026-06-23 23:34:26,2026-06-23 23:34:26
134,2,Informática e Sociedade,TCN.0231,,2026-06-23 23:34:26,2026-06-23 23:34:26
135,2,Inglês Instrumental,TCN.0162,,2026-06-23 23:34:26,2026-06-23 23:34:26
136,2,Lógica Matemática,TCN.0269,,2026-06-23 23:34:26,2026-06-23 23:34:26
137,2,Matemática Aplicada,TCN.0432,,2026-06-23 23:34:26,2026-06-23 23:34:26
138,2,Português Instrumental,TCN.0309,,2026-06-23 23:34:26,2026-06-23 23:34:26
139,2,Banco de Dados II,TCN.0075,,2026-06-23 23:34:26,2026-06-23 23:34:26
140,2,Desenvolvimento Web,TCN.0678,,2026-06-23 23:34:26,2026-06-23 23:34:26
141,2,Educação Inclusiva,TCN.0084,,2026-06-23 23:34:26,2026-06-23 23:34:26
142,2,Engenharia de Software I,TCN.0671,,2026-06-23 23:34:26,2026-06-23 23:34:26
143,2,Estrutura de Dados II,TCN.0214,,2026-06-23 23:34:26,2026-06-23 23:34:26
144,2,Redes de Telecomunicações I,TCN.0587,,2026-06-23 23:34:26,2026-06-23 23:34:26
145,2,Atividades de Extensão II,TCN.0547,,2026-06-23 23:34:26,2026-06-23 23:34:26
146,2,Desenvolvimento Orientado a Serviços,TCN.0359,,2026-06-23 23:34:26,2026-06-23 23:34:26
147,2,Gestão de Processos e Serviços,TCN.0195,,2026-06-23 23:34:26,2026-06-23 23:34:26
148,2,Gestão do Conhecimento,TCN.0043,,2026-06-23 23:34:26,2026-06-23 23:34:26
149,2,Metodologia Científica,TCN.0066,,2026-06-23 23:34:26,2026-06-23 23:34:26
150,2,Sistemas Distribuídos,TCN.0312,,2026-06-23 23:34:26,2026-06-23 23:34:26
151,2,Sistemas Operacionais,TCN.0186,,2026-06-23 23:34:26,2026-06-23 23:34:26
152,8,Química Orgânica II,BAC.1442,,2026-06-23 23:34:26,2026-06-23 23:34:26
153,8,Atividades de Extensão II,LIC.1730,,2026-06-23 23:34:26,2026-06-23 23:34:26
154,8,Farmacologia I,BAC.1441,,2026-06-23 23:34:26,2026-06-23 23:34:26
155,8,Genética Humana,BAC.1444,,2026-06-23 23:34:26,2026-06-23 23:34:26
156,8,Microbiologia,LIC.1083,,2026-06-23 23:34:26,2026-06-23 23:34:26
157,8,Patologia Geral,BAC.1445,,2026-06-23 23:34:26,2026-06-23 23:34:26
158,8,Química Analítica I,BAC.1443,,2026-06-23 23:34:26,2026-06-23 23:34:26
159,3,Biologia I,INT.0233,,2026-06-23 23:34:26,2026-06-23 23:34:26
160,3,Filosofia I,INT.0063,,2026-06-23 23:34:26,2026-06-23 23:34:26
161,3,Artes,INT.0235,,2026-06-23 23:34:26,2026-06-23 23:34:26
162,3,Geografia I,INT.0660,,2026-06-23 23:34:26,2026-06-23 23:34:26
163,3,História I,INT.0049,,2026-06-23 23:34:26,2026-06-23 23:34:26
164,3,Informática Básica,INT.0363,,2026-06-23 23:34:26,2026-06-23 23:34:26
165,3,Língua Estrangeira - Inglês,INT.0953,,2026-06-23 23:34:26,2026-06-23 23:34:26
166,3,Língua Portuguesa,INT.0566,,2026-06-23 23:34:26,2026-06-23 23:34:26
167,3,Matemática,INT.0849,,2026-06-23 23:34:26,2026-06-23 23:34:26
168,3,Química,INT.1081,,2026-06-23 23:34:26,2026-06-23 23:34:26
169,3,Sociologia,INT.1117,,2026-06-23 23:34:26,2026-06-23 23:34:26
170,3,Biologia II,INT.0135,,2026-06-23 23:34:26,2026-06-23 23:34:26
171,3,Educação Física,INT.0634,,2026-06-23 23:34:26,2026-06-23 23:34:26
172,3,Filosofia II,INT.0243,,2026-06-23 23:34:26,2026-06-23 23:34:26
173,3,Física,INT.0709,,2026-06-23 23:34:26,2026-06-23 23:34:26
174,3,Geografia II,INT.0317,,2026-06-23 23:34:26,2026-06-23 23:34:26
175,3,História II,INT.0294,,2026-06-23 23:34:26,2026-06-23 23:34:26
176,3,Internet - Conceitos e Práticas,INT.0196,,2026-06-23 23:34:26,2026-06-23 23:34:26
177,3,Língua Portuguesa,INT.0036,,2026-06-23 23:34:26,2026-06-23 23:34:26
178,3,Matemática,INT.0994,,2026-06-23 23:34:26,2026-06-23 23:34:26
179,3,Sociologia,INT.1092,,2026-06-23 23:34:26,2026-06-23 23:34:26
180,3,Suporte e Manutenção de Computadores,INT.0635,,2026-06-23 23:34:26,2026-06-23 23:34:26
181,4,Espanhol Básico,INT.1562,,2026-06-23 23:34:26,2026-06-23 23:34:26
182,4,UD: GESTÃO DE PROJETOS,INT.1836,,2026-06-23 23:34:26,2026-06-23 23:34:26
183,4,UD: Voleibol JIFTO,INT.1870,,2026-06-23 23:34:26,2026-06-23 23:34:26
184,4,UD:  Prática de Leitura e Produção Textual para o Enem e Vestibulares,INT.1871,,2026-06-23 23:34:26,2026-06-23 23:34:26
185,4,UD: Matemática para o ENEM e EXATO,INT.1872,,2026-06-23 23:34:26,2026-06-23 23:34:26
186,4,UD: Preparatório para Olimpíada Brasileira de Informática,INT.1873,,2026-06-23 23:34:26,2026-06-23 23:34:26
187,4,UD: Educação para as Questões Socioambientais,INT.1874,,2026-06-23 23:34:26,2026-06-23 23:34:26
188,4,UD: Ensino do Atletismo,INT.1869,,2026-06-23 23:34:26,2026-06-23 23:34:26
189,4,Apididática 2 - Voos ilimitados,INT.1610,,2026-06-23 23:34:26,2026-06-23 23:34:26
190,4,Introdução À Nanotecnologia,INT.1171,,2026-06-23 23:34:27,2026-06-23 23:34:27
191,4,UD: Automação Com Arduino,INT.1022,,2026-06-23 23:34:27,2026-06-23 23:34:27
192,5,Trabalho de Conclusão de Curso,TCN.0500,,2026-06-23 23:34:27,2026-06-23 23:34:27
193,8,Anatomia Humana,BAC.1434,,2026-06-23 23:34:27,2026-06-23 23:34:27
194,8,Bases do Saber Científico,BAC.1427,,2026-06-23 23:34:27,2026-06-23 23:34:27
195,8,Biologia Celular e Molecular,BAC.1433,,2026-06-23 23:34:27,2026-06-23 23:34:27
196,8,Física Aplicada,BAC.1431,,2026-06-23 23:34:27,2026-06-23 23:34:27
197,8,Informática Básica,BAC.1426,,2026-06-23 23:34:27,2026-06-23 23:34:27
198,8,Introdução às Ciências Farmacêuticas,BAC.1429,,2026-06-23 23:34:27,2026-06-23 23:34:27
199,8,Matemática Aplicada,BAC.1430,,2026-06-23 23:34:27,2026-06-23 23:34:27
200,8,Primeiros Socorros e Biossegurança,BAC.1428,,2026-06-23 23:34:27,2026-06-23 23:34:27
201,8,Química Geral e Inorgânica,BAC.1432,,2026-06-23 23:34:27,2026-06-23 23:34:27
202,9,Informática Industrial,INT.1876,,2026-06-23 23:34:27,2026-06-23 23:34:27
203,9,Fundamentos da Administração,INT.1877,,2026-06-23 23:34:27,2026-06-23 23:34:27
204,9,Arte I,INT.1455,,2026-06-23 23:34:27,2026-06-23 23:34:27
205,9,Biologia I,INT.1320,,2026-06-23 23:34:27,2026-06-23 23:34:27
206,9,Educação Física I,INT.1321,,2026-06-23 23:34:27,2026-06-23 23:34:27
207,9,Física I,INT.1322,,2026-06-23 23:34:27,2026-06-23 23:34:27
208,9,Geografia I,INT.1323,,2026-06-23 23:34:27,2026-06-23 23:34:27
209,9,História I,INT.1324,,2026-06-23 23:34:27,2026-06-23 23:34:27
210,9,Língua Portuguesa I,INT.1302,,2026-06-23 23:34:27,2026-06-23 23:34:27
211,9,Matemática I,INT.1325,,2026-06-23 23:34:27,2026-06-23 23:34:27
212,9,Química I,INT.1326,,2026-06-23 23:34:27,2026-06-23 23:34:27
213,9,Sociologia I,INT.1327,,2026-06-23 23:34:27,2026-06-23 23:34:27
214,4,"Aulas práticas de vários cursos da graduação, auxiliando na escolha da sua profissão",INT.1609,,2026-06-23 23:34:27,2026-06-23 23:34:27
215,4,UD: Futsal JIFTO,INT.1882,,2026-06-23 23:34:27,2026-06-23 23:34:27
216,4,UD: Tênis de Mesa JIFTO,INT.1883,,2026-06-23 23:34:27,2026-06-23 23:34:27
217,2,Trabalho de Conclusão de Curso,TCN.0632,,2026-06-23 23:34:27,2026-06-23 23:34:27
