id,student_id,course_id,registration_number,entry_period,created_at,updated_at
1,1,1,202612130030,,2026-06-23 23:34:29,2026-06-23 23:34:29
2,2,1,202512130071,,2026-06-23 23:34:29,2026-06-23 23:34:29
3,3,1,202512130021,,2026-06-23 23:34:29,2026-06-23 23:34:29
4,4,1,202412130001,,2026-06-23 23:34:29,2026-06-23 23:34:29
5,5,1,202512130049,,2026-06-23 23:34:30,2026-06-23 23:34:30
6,6,1,202512130033,,2026-06-23 23:34:30,2026-06-23 23:34:30
7,7,1,202312130026,,2026-06-23 23:34:30,2026-06-23 23:34:30
8,8,1,202412130066,,2026-06-23 23:34:30,2026-06-23 23:34:30
9,9,1,202512130031,,2026-06-23 23:34:30,2026-06-23 23:34:30
10,10,1,202412130034,,2026-06-23 23:34:30,2026-06-23 23:34:30
11,11,1,202612130034,,2026-06-23 23:34:30,2026-06-23 23:34:30
12,12,1,202412130070,,2026-06-23 23:34:30,2026-06-23 23:34:30
13,13,1,202512130011,,2026-06-23 23:34:30,2026-06-23 23:34:30
14,14,1,202612130016,,2026-06-23 23:34:30,2026-06-23 23:34:30
15,15,1,202612130066,,2026-06-23 23:34:30,2026-06-23 23:34:30
16,16,1,202512130054,,2026-06-23 23:34:30,2026-06-23 23:34:30
17,17,1,202312130001,,2026-06-23 23:34:30,2026-06-23 23:34:30
18,18,1,202512130035,,2026-06-23 23:34:30,2026-06-23 23:34:30
19,19,1,202512130062,,2026-06-23 23:34:30,2026-06-23 23:34:30
20,20,1,202612130002,,2026-06-23 23:34:30,2026-06-23 23:34:30
21,21,1,202612130015,,2026-06-23 23:34:30,2026-06-23 23:34:30
22,22,1,202612130042,,2026-06-23 23:34:30,2026-06-23 23:34:30
23,23,1,202412130052,,2026-06-23 23:34:31,2026-06-23 23:34:31
24,24,1,202412130044,,2026-06-23 23:34:31,2026-06-23 23:34:31
25,25,1,202512130070,,2026-06-23 23:34:31,2026-06-23 23:34:31
26,26,1,202512130019,,2026-06-23 23:34:31,2026-06-23 23:34:31
27,27,1,202612130029,,2026-06-23 23:34:31,2026-06-23 23:34:31
28,28,1,202512130029,,2026-06-23 23:34:31,2026-06-23 23:34:31
29,29,1,202612130033,,2026-06-23 23:34:31,2026-06-23 23:34:31
30,30,1,202612130041,,2026-06-23 23:34:31,2026-06-23 23:34:31
31,31,1,202412130005,,2026-06-23 23:34:31,2026-06-23 23:34:31
32,32,1,202512130007,,2026-06-23 23:34:31,2026-06-23 23:34:31
33,33,1,202612130069,,2026-06-23 23:34:31,2026-06-23 23:34:31
34,34,1,202412130014,,2026-06-23 23:34:31,2026-06-23 23:34:31
35,35,1,202512130020,,2026-06-23 23:34:31,2026-06-23 23:34:31
36,36,1,202612130057,,2026-06-23 23:34:31,2026-06-23 23:34:31
37,37,1,202612130073,,2026-06-23 23:34:31,2026-06-23 23:34:31
38,38,1,202512130074,,2026-06-23 23:34:31,2026-06-23 23:34:31
39,39,1,202412130067,,2026-06-23 23:34:31,2026-06-23 23:34:31
40,40,1,202512130052,,2026-06-23 23:34:32,2026-06-23 23:34:32
41,41,1,202412130026,,2026-06-23 23:34:32,2026-06-23 23:34:32
42,42,1,202412130061,,2026-06-23 23:34:32,2026-06-23 23:34:32
43,43,1,202512130069,,2026-06-23 23:34:32,2026-06-23 23:34:32
44,44,1,202512130018,,2026-06-23 23:34:32,2026-06-23 23:34:32
45,45,1,202612130028,,2026-06-23 23:34:32,2026-06-23 23:34:32
46,46,1,202612130040,,2026-06-23 23:34:32,2026-06-23 23:34:32
47,47,1,202512130036,,2026-06-23 23:34:32,2026-06-23 23:34:32
48,48,1,202412130018,,2026-06-23 23:34:32,2026-06-23 23:34:32
49,49,1,202412130030,,2026-06-23 23:34:32,2026-06-23 23:34:32
50,50,1,202512130051,,2026-06-23 23:34:32,2026-06-23 23:34:32
51,51,1,202612130026,,2026-06-23 23:34:32,2026-06-23 23:34:32
52,52,1,202512130026,,2026-06-23 23:34:32,2026-06-23 23:34:32
53,53,1,202612130031,,2026-06-23 23:34:32,2026-06-23 23:34:32
54,54,1,202412130046,,2026-06-23 23:34:32,2026-06-23 23:34:32
55,55,1,202512130065,,2026-06-23 23:34:32,2026-06-23 23:34:32
56,56,1,202612130038,,2026-06-23 23:34:33,2026-06-23 23:34:33
57,57,1,202412130064,,2026-06-23 23:34:33,2026-06-23 23:34:33
58,58,1,202412130028,,2026-06-23 23:34:33,2026-06-23 23:34:33
59,59,1,202512130005,,2026-06-23 23:34:33,2026-06-23 23:34:33
60,60,1,202612130061,,2026-06-23 23:34:33,2026-06-23 23:34:33
61,61,1,202512130047,,2026-06-23 23:34:33,2026-06-23 23:34:33
62,62,1,202512130045,,2026-06-23 23:34:33,2026-06-23 23:34:33
63,63,1,202412130043,,2026-06-23 23:34:33,2026-06-23 23:34:33
64,64,1,202612130004,,2026-06-23 23:34:33,2026-06-23 23:34:33
65,65,1,202612130055,,2026-06-23 23:34:33,2026-06-23 23:34:33
66,66,1,202412130012,,2026-06-23 23:34:33,2026-06-23 23:34:33
67,67,1,202512130015,,2026-06-23 23:34:33,2026-06-23 23:34:33
68,68,1,202612130006,,2026-06-23 23:34:33,2026-06-23 23:34:33
69,69,1,202612130014,,2026-06-23 23:34:33,2026-06-23 23:34:33
70,70,1,202612130071,,2026-06-23 23:34:33,2026-06-23 23:34:33
71,71,1,202512130064,,2026-06-23 23:34:33,2026-06-23 23:34:33
72,72,1,202412130017,,2026-06-23 23:34:33,2026-06-23 23:34:33
73,73,1,202412130047,,2026-06-23 23:34:34,2026-06-23 23:34:34
74,74,1,202612130043,,2026-06-23 23:34:34,2026-06-23 23:34:34
75,75,1,202412130023,,2026-06-23 23:34:34,2026-06-23 23:34:34
76,76,1,202412130015,,2026-06-23 23:34:34,2026-06-23 23:34:34
77,77,1,202612130058,,2026-06-23 23:34:34,2026-06-23 23:34:34
78,78,1,202612130008,,2026-06-23 23:34:34,2026-06-23 23:34:34
79,79,1,202612130035,,2026-06-23 23:34:34,2026-06-23 23:34:34
80,80,1,202412130062,,2026-06-23 23:34:34,2026-06-23 23:34:34
81,81,1,202512130037,,2026-06-23 23:34:34,2026-06-23 23:34:34
82,82,1,202612130023,,2026-06-23 23:34:34,2026-06-23 23:34:34
83,83,1,202612130036,,2026-06-23 23:34:34,2026-06-23 23:34:34
84,84,1,202412130022,,2026-06-23 23:34:34,2026-06-23 23:34:34
85,85,1,202412130039,,2026-06-23 23:34:34,2026-06-23 23:34:34
86,86,1,202512130006,,2026-06-23 23:34:34,2026-06-23 23:34:34
87,87,1,202512130060,,2026-06-23 23:34:34,2026-06-23 23:34:34
88,88,1,202512130048,,2026-06-23 23:34:34,2026-06-23 23:34:34
89,89,1,202612130007,,2026-06-23 23:34:35,2026-06-23 23:34:35
90,90,1,202612130032,,2026-06-23 23:34:35,2026-06-23 23:34:35
91,91,1,202512130055,,2026-06-23 23:34:35,2026-06-23 23:34:35
92,92,1,202612130045,,2026-06-23 23:34:35,2026-06-23 23:34:35
93,93,1,202412130059,,2026-06-23 23:34:35,2026-06-23 23:34:35
94,94,1,202612130056,,2026-06-23 23:34:35,2026-06-23 23:34:35
95,95,1,202412130002,,2026-06-23 23:34:35,2026-06-23 23:34:35
96,96,1,202412130035,,2026-06-23 23:34:35,2026-06-23 23:34:35
97,97,1,202512130061,,2026-06-23 23:34:35,2026-06-23 23:34:35
98,98,1,202512130039,,2026-06-23 23:34:35,2026-06-23 23:34:35
99,99,1,202412130060,,2026-06-23 23:34:35,2026-06-23 23:34:35
100,100,1,202412130027,,2026-06-23 23:34:35,2026-06-23 23:34:35
101,101,1,202412130055,,2026-06-23 23:34:35,2026-06-23 23:34:35
102,102,1,202412130024,,2026-06-23 23:34:35,2026-06-23 23:34:35
103,103,1,202412130013,,2026-06-23 23:34:35,2026-06-23 23:34:35
104,104,1,202412130033,,2026-06-23 23:34:35,2026-06-23 23:34:35
105,105,1,202612130005,,2026-06-23 23:34:36,2026-06-23 23:34:36
106,106,1,202512130044,,2026-06-23 23:34:36,2026-06-23 23:34:36
107,107,1,202512130032,,2026-06-23 23:34:36,2026-06-23 23:34:36
108,108,1,202612130019,,2026-06-23 23:34:36,2026-06-23 23:34:36
109,109,1,202412130008,,2026-06-23 23:34:36,2026-06-23 23:34:36
110,110,1,202612130065,,2026-06-23 23:34:36,2026-06-23 23:34:36
111,111,1,202612130001,,2026-06-23 23:34:36,2026-06-23 23:34:36
112,112,1,202412130056,,2026-06-23 23:34:36,2026-06-23 23:34:36
113,113,1,202612130054,,2026-06-23 23:34:36,2026-06-23 23:34:36
114,114,1,202512130028,,2026-06-23 23:34:36,2026-06-23 23:34:36
115,115,1,202312130065,,2026-06-23 23:34:36,2026-06-23 23:34:36
116,116,1,202412130069,,2026-06-23 23:34:36,2026-06-23 23:34:36
117,117,1,202612130059,,2026-06-23 23:34:36,2026-06-23 23:34:36
118,118,1,202412130053,,2026-06-23 23:34:36,2026-06-23 23:34:36
119,119,1,202612130011,,2026-06-23 23:34:36,2026-06-23 23:34:36
120,120,1,202412130021,,2026-06-23 23:34:36,2026-06-23 23:34:36
121,121,1,202612130017,,2026-06-23 23:34:37,2026-06-23 23:34:37
122,122,1,202512130038,,2026-06-23 23:34:37,2026-06-23 23:34:37
123,123,1,202512130012,,2026-06-23 23:34:37,2026-06-23 23:34:37
124,124,1,202412130010,,2026-06-23 23:34:37,2026-06-23 23:34:37
125,125,1,202412130065,,2026-06-23 23:34:37,2026-06-23 23:34:37
126,126,1,202612130046,,2026-06-23 23:34:37,2026-06-23 23:34:37
127,127,1,202612130048,,2026-06-23 23:34:37,2026-06-23 23:34:37
128,128,1,202512130040,,2026-06-23 23:34:37,2026-06-23 23:34:37
129,129,1,202512130030,,2026-06-23 23:34:37,2026-06-23 23:34:37
130,130,1,202512130025,,2026-06-23 23:34:37,2026-06-23 23:34:37
131,131,1,202612130064,,2026-06-23 23:34:37,2026-06-23 23:34:37
132,132,1,202412130031,,2026-06-23 23:34:37,2026-06-23 23:34:37
133,133,1,202512130009,,2026-06-23 23:34:37,2026-06-23 23:34:37
134,134,1,202512130014,,2026-06-23 23:34:37,2026-06-23 23:34:37
135,135,1,202612130024,,2026-06-23 23:34:37,2026-06-23 23:34:37
136,136,1,202412130038,,2026-06-23 23:34:37,2026-06-23 23:34:37
137,137,1,202612130068,,2026-06-23 23:34:37,2026-06-23 23:34:37
138,138,1,202612130013,,2026-06-23 23:34:38,2026-06-23 23:34:38
139,139,1,202612130025,,2026-06-23 23:34:38,2026-06-23 23:34:38
140,140,1,202612130044,,2026-06-23 23:34:38,2026-06-23 23:34:38
141,141,1,202512130066,,2026-06-23 23:34:38,2026-06-23 23:34:38
142,142,1,202412130036,,2026-06-23 23:34:38,2026-06-23 23:34:38
143,143,1,202612130053,,2026-06-23 23:34:38,2026-06-23 23:34:38
144,144,1,202412130011,,2026-06-23 23:34:38,2026-06-23 23:34:38
145,145,1,202612130009,,2026-06-23 23:34:38,2026-06-23 23:34:38
146,146,1,202412130004,,2026-06-23 23:34:38,2026-06-23 23:34:38
147,147,1,202612130050,,2026-06-23 23:34:38,2026-06-23 23:34:38
148,148,1,202412130045,,2026-06-23 23:34:38,2026-06-23 23:34:38
149,149,1,202412130051,,2026-06-23 23:34:38,2026-06-23 23:34:38
150,150,1,202612130018,,2026-06-23 23:34:38,2026-06-23 23:34:38
151,151,1,202512130041,,2026-06-23 23:34:38,2026-06-23 23:34:38
152,152,1,202512130013,,2026-06-23 23:34:38,2026-06-23 23:34:38
153,153,1,202512130068,,2026-06-23 23:34:38,2026-06-23 23:34:38
154,154,1,202612130022,,2026-06-23 23:34:38,2026-06-23 23:34:38
155,155,1,202612130070,,2026-06-23 23:34:39,2026-06-23 23:34:39
156,156,1,202612130020,,2026-06-23 23:34:39,2026-06-23 23:34:39
157,157,1,202612130021,,2026-06-23 23:34:39,2026-06-23 23:34:39
158,158,1,202512130023,,2026-06-23 23:34:39,2026-06-23 23:34:39
159,159,1,202412130050,,2026-06-23 23:34:39,2026-06-23 23:34:39
160,160,1,202412130057,,2026-06-23 23:34:39,2026-06-23 23:34:39
161,161,1,202612130003,,2026-06-23 23:34:39,2026-06-23 23:34:39
162,162,1,202512130034,,2026-06-23 23:34:39,2026-06-23 23:34:39
163,163,1,202512130017,,2026-06-23 23:34:39,2026-06-23 23:34:39
164,164,1,202612130052,,2026-06-23 23:34:39,2026-06-23 23:34:39
165,165,1,202312130061,,2026-06-23 23:34:39,2026-06-23 23:34:39
166,166,1,202512130042,,2026-06-23 23:34:39,2026-06-23 23:34:39
167,167,1,202612130039,,2026-06-23 23:34:39,2026-06-23 23:34:39
168,168,1,202412130071,,2026-06-23 23:34:39,2026-06-23 23:34:39
169,169,1,202612130012,,2026-06-23 23:34:39,2026-06-23 23:34:39
170,170,1,202512130024,,2026-06-23 23:34:39,2026-06-23 23:34:39
171,171,1,202412130009,,2026-06-23 23:34:39,2026-06-23 23:34:39
172,172,1,202512130004,,2026-06-23 23:34:40,2026-06-23 23:34:40
173,173,1,202412130006,,2026-06-23 23:34:40,2026-06-23 23:34:40
174,174,1,202412130032,,2026-06-23 23:34:40,2026-06-23 23:34:40
175,175,1,202412130042,,2026-06-23 23:34:40,2026-06-23 23:34:40
176,176,1,202512130059,,2026-06-23 23:34:40,2026-06-23 23:34:40
177,177,1,202412130003,,2026-06-23 23:34:40,2026-06-23 23:34:40
178,178,1,202612130010,,2026-06-23 23:34:40,2026-06-23 23:34:40
179,179,1,202512130063,,2026-06-23 23:34:40,2026-06-23 23:34:40
180,180,1,202612130060,,2026-06-23 23:34:40,2026-06-23 23:34:40
181,181,1,202612130047,,2026-06-23 23:34:40,2026-06-23 23:34:40
182,182,1,202612130063,,2026-06-23 23:34:40,2026-06-23 23:34:40
183,183,1,202412130029,,2026-06-23 23:34:40,2026-06-23 23:34:40
184,184,1,202612130051,,2026-06-23 23:34:40,2026-06-23 23:34:40
185,185,1,202512130001,,2026-06-23 23:34:40,2026-06-23 23:34:40
186,186,1,202512130010,,2026-06-23 23:34:40,2026-06-23 23:34:40
187,187,1,202512130027,,2026-06-23 23:34:40,2026-06-23 23:34:40
188,188,1,202412130040,,2026-06-23 23:34:40,2026-06-23 23:34:40
189,189,1,202612130049,,2026-06-23 23:34:41,2026-06-23 23:34:41
190,190,1,202612130067,,2026-06-23 23:34:41,2026-06-23 23:34:41
191,191,1,202512130067,,2026-06-23 23:34:41,2026-06-23 23:34:41
192,192,1,202612130037,,2026-06-23 23:34:41,2026-06-23 23:34:41
193,193,2,202412160014,,2026-06-23 23:34:41,2026-06-23 23:34:41
194,194,2,202512160004,,2026-06-23 23:34:41,2026-06-23 23:34:41
195,195,2,202512160030,,2026-06-23 23:34:41,2026-06-23 23:34:41
196,196,2,202212160008,,2026-06-23 23:34:41,2026-06-23 23:34:41
197,197,2,202512160043,,2026-06-23 23:34:41,2026-06-23 23:34:41
198,198,2,202312160017,,2026-06-23 23:34:41,2026-06-23 23:34:41
199,199,2,202612160039,,2026-06-23 23:34:41,2026-06-23 23:34:41
200,200,2,202512160014,,2026-06-23 23:34:41,2026-06-23 23:34:41
201,201,2,202512160021,,2026-06-23 23:34:41,2026-06-23 23:34:41
202,202,2,202412160015,,2026-06-23 23:34:41,2026-06-23 23:34:41
203,203,2,202212160039,,2026-06-23 23:34:41,2026-06-23 23:34:41
204,204,2,202422160002,,2026-06-23 23:34:41,2026-06-23 23:34:41
205,205,2,202612160021,,2026-06-23 23:34:41,2026-06-23 23:34:41
206,206,2,202412160021,,2026-06-23 23:34:42,2026-06-23 23:34:42
207,207,2,202512160026,,2026-06-23 23:34:42,2026-06-23 23:34:42
208,208,2,202512160034,,2026-06-23 23:34:42,2026-06-23 23:34:42
209,209,2,202512160027,,2026-06-23 23:34:42,2026-06-23 23:34:42
210,210,2,202612160036,,2026-06-23 23:34:42,2026-06-23 23:34:42
211,211,2,202412160010,,2026-06-23 23:34:42,2026-06-23 23:34:42
212,212,2,202412160042,,2026-06-23 23:34:42,2026-06-23 23:34:42
213,213,2,202212160044,,2026-06-23 23:34:42,2026-06-23 23:34:42
214,214,2,202312160003,,2026-06-23 23:34:42,2026-06-23 23:34:42
215,215,2,202212160018,,2026-06-23 23:34:42,2026-06-23 23:34:42
216,216,2,202512160022,,2026-06-23 23:34:42,2026-06-23 23:34:42
217,217,2,202612160041,,2026-06-23 23:34:42,2026-06-23 23:34:42
218,218,2,202512160018,,2026-06-23 23:34:42,2026-06-23 23:34:42
219,219,2,202612160043,,2026-06-23 23:34:42,2026-06-23 23:34:42
220,220,2,202612160012,,2026-06-23 23:34:42,2026-06-23 23:34:42
221,221,2,202312160028,,2026-06-23 23:34:42,2026-06-23 23:34:42
222,222,2,202512160010,,2026-06-23 23:34:43,2026-06-23 23:34:43
223,223,2,202612160029,,2026-06-23 23:34:43,2026-06-23 23:34:43
224,224,2,202412160037,,2026-06-23 23:34:43,2026-06-23 23:34:43
225,225,2,202512160016,,2026-06-23 23:34:43,2026-06-23 23:34:43
226,226,2,202612160022,,2026-06-23 23:34:43,2026-06-23 23:34:43
227,227,2,202312160038,,2026-06-23 23:34:43,2026-06-23 23:34:43
228,228,2,202612160017,,2026-06-23 23:34:43,2026-06-23 23:34:43
229,229,2,202412160047,,2026-06-23 23:34:43,2026-06-23 23:34:43
230,230,2,202212160004,,2026-06-23 23:34:43,2026-06-23 23:34:43
231,231,2,202412160030,,2026-06-23 23:34:43,2026-06-23 23:34:43
232,232,2,202412160007,,2026-06-23 23:34:43,2026-06-23 23:34:43
233,233,2,202412160016,,2026-06-23 23:34:43,2026-06-23 23:34:43
234,234,2,202612160016,,2026-06-23 23:34:43,2026-06-23 23:34:43
235,235,2,202512160020,,2026-06-23 23:34:43,2026-06-23 23:34:43
236,236,2,202512160012,,2026-06-23 23:34:43,2026-06-23 23:34:43
237,237,2,202612160040,,2026-06-23 23:34:43,2026-06-23 23:34:43
238,238,2,202412160008,,2026-06-23 23:34:43,2026-06-23 23:34:43
239,239,2,202412160043,,2026-06-23 23:34:44,2026-06-23 23:34:44
240,240,2,202512160039,,2026-06-23 23:34:44,2026-06-23 23:34:44
241,241,2,202512160045,,2026-06-23 23:34:44,2026-06-23 23:34:44
242,242,2,202612160006,,2026-06-23 23:34:44,2026-06-23 23:34:44
243,243,2,202612160001,,2026-06-23 23:34:44,2026-06-23 23:34:44
244,244,2,202412160024,,2026-06-23 23:34:44,2026-06-23 23:34:44
245,245,2,202612160045,,2026-06-23 23:34:44,2026-06-23 23:34:44
246,246,2,202412160013,,2026-06-23 23:34:44,2026-06-23 23:34:44
247,247,2,202512160044,,2026-06-23 23:34:44,2026-06-23 23:34:44
248,248,2,202512160008,,2026-06-23 23:34:44,2026-06-23 23:34:44
249,249,2,202412160019,,2026-06-23 23:34:44,2026-06-23 23:34:44
250,250,2,202512160011,,2026-06-23 23:34:44,2026-06-23 23:34:44
251,251,2,202612160014,,2026-06-23 23:34:44,2026-06-23 23:34:44
252,252,2,202612160009,,2026-06-23 23:34:44,2026-06-23 23:34:44
253,253,2,202412160032,,2026-06-23 23:34:44,2026-06-23 23:34:44
254,254,2,202612160032,,2026-06-23 23:34:44,2026-06-23 23:34:44
255,255,2,202512160028,,2026-06-23 23:34:44,2026-06-23 23:34:44
256,256,2,202412160049,,2026-06-23 23:34:45,2026-06-23 23:34:45
257,257,2,202222160004,,2026-06-23 23:34:45,2026-06-23 23:34:45
258,258,2,202412160026,,2026-06-23 23:34:45,2026-06-23 23:34:45
259,259,2,202612160020,,2026-06-23 23:34:45,2026-06-23 23:34:45
260,260,2,202612160023,,2026-06-23 23:34:45,2026-06-23 23:34:45
261,261,2,202612160002,,2026-06-23 23:34:45,2026-06-23 23:34:45
262,262,2,202412160045,,2026-06-23 23:34:45,2026-06-23 23:34:45
263,263,2,202412160036,,2026-06-23 23:34:45,2026-06-23 23:34:45
264,264,2,202512160032,,2026-06-23 23:34:45,2026-06-23 23:34:45
265,265,2,202612160038,,2026-06-23 23:34:45,2026-06-23 23:34:45
266,266,2,202512160024,,2026-06-23 23:34:45,2026-06-23 23:34:45
267,267,2,202612160033,,2026-06-23 23:34:45,2026-06-23 23:34:45
268,268,2,202412160029,,2026-06-23 23:34:45,2026-06-23 23:34:45
269,269,2,202512160036,,2026-06-23 23:34:45,2026-06-23 23:34:45
270,270,2,202512160037,,2026-06-23 23:34:45,2026-06-23 23:34:45
271,271,2,202512160017,,2026-06-23 23:34:45,2026-06-23 23:34:45
272,272,2,202512160023,,2026-06-23 23:34:45,2026-06-23 23:34:45
273,273,2,202612160018,,2026-06-23 23:34:46,2026-06-23 23:34:46
274,274,2,202612160005,,2026-06-23 23:34:46,2026-06-23 23:34:46
275,275,2,202512160009,,2026-06-23 23:34:46,2026-06-23 23:34:46
276,276,2,202312160039,,2026-06-23 23:34:46,2026-06-23 23:34:46
277,277,2,202222160005,,2026-06-23 23:34:46,2026-06-23 23:34:46
278,278,2,202312160041,,2026-06-23 23:34:46,2026-06-23 23:34:46
279,279,2,202612160034,,2026-06-23 23:34:46,2026-06-23 23:34:46
280,280,2,202512160040,,2026-06-23 23:34:46,2026-06-23 23:34:46
281,281,2,202512160005,,2026-06-23 23:34:46,2026-06-23 23:34:46
282,282,2,202522160002,,2026-06-23 23:34:46,2026-06-23 23:34:46
283,283,2,202612160024,,2026-06-23 23:34:46,2026-06-23 23:34:46
284,284,2,202312160010,,2026-06-23 23:34:46,2026-06-23 23:34:46
285,285,2,202412160004,,2026-06-23 23:34:46,2026-06-23 23:34:46
286,286,2,202612160047,,2026-06-23 23:34:46,2026-06-23 23:34:46
287,287,2,202412160031,,2026-06-23 23:34:46,2026-06-23 23:34:46
288,288,2,202412160003,,2026-06-23 23:34:46,2026-06-23 23:34:46
289,289,2,202312160036,,2026-06-23 23:34:46,2026-06-23 23:34:46
290,290,2,202412160020,,2026-06-23 23:34:47,2026-06-23 23:34:47
291,291,2,202412160035,,2026-06-23 23:34:47,2026-06-23 23:34:47
292,292,2,202412160033,,2026-06-23 23:34:47,2026-06-23 23:34:47
293,293,2,202512160002,,2026-06-23 23:34:47,2026-06-23 23:34:47
294,294,2,202312160020,,2026-06-23 23:34:47,2026-06-23 23:34:47
295,295,2,202612160019,,2026-06-23 23:34:47,2026-06-23 23:34:47
296,296,2,202612160037,,2026-06-23 23:34:47,2026-06-23 23:34:47
297,297,2,202312160008,,2026-06-23 23:34:47,2026-06-23 23:34:47
298,298,2,202612160028,,2026-06-23 23:34:47,2026-06-23 23:34:47
299,299,2,202312160042,,2026-06-23 23:34:47,2026-06-23 23:34:47
300,300,2,202212160010,,2026-06-23 23:34:47,2026-06-23 23:34:47
301,301,2,202412160041,,2026-06-23 23:34:47,2026-06-23 23:34:47
302,302,2,202612160010,,2026-06-23 23:34:47,2026-06-23 23:34:47
303,303,2,202612160027,,2026-06-23 23:34:47,2026-06-23 23:34:47
304,304,2,202612160030,,2026-06-23 23:34:47,2026-06-23 23:34:47
305,305,2,202412160044,,2026-06-23 23:34:47,2026-06-23 23:34:47
306,306,2,202512160007,,2026-06-23 23:34:47,2026-06-23 23:34:47
307,307,2,202412160006,,2026-06-23 23:34:48,2026-06-23 23:34:48
308,308,2,202612160013,,2026-06-23 23:34:48,2026-06-23 23:34:48
309,309,2,202512160001,,2026-06-23 23:34:48,2026-06-23 23:34:48
310,310,2,202612160004,,2026-06-23 23:34:48,2026-06-23 23:34:48
311,311,2,202512160035,,2026-06-23 23:34:48,2026-06-23 23:34:48
312,312,2,202412160048,,2026-06-23 23:34:48,2026-06-23 23:34:48
313,313,2,202612160046,,2026-06-23 23:34:48,2026-06-23 23:34:48
314,314,2,202512160019,,2026-06-23 23:34:48,2026-06-23 23:34:48
315,315,2,202612160025,,2026-06-23 23:34:48,2026-06-23 23:34:48
316,316,2,202612160026,,2026-06-23 23:34:48,2026-06-23 23:34:48
317,317,2,202412160027,,2026-06-23 23:34:48,2026-06-23 23:34:48
318,318,2,202612160015,,2026-06-23 23:34:48,2026-06-23 23:34:48
319,319,2,202612160011,,2026-06-23 23:34:48,2026-06-23 23:34:48
320,320,2,202612160035,,2026-06-23 23:34:48,2026-06-23 23:34:48
321,321,2,202412160038,,2026-06-23 23:34:48,2026-06-23 23:34:48
322,322,2,202422160001,,2026-06-23 23:34:48,2026-06-23 23:34:48
323,323,2,202312160030,,2026-06-23 23:34:49,2026-06-23 23:34:49
324,324,2,202312160018,,2026-06-23 23:34:49,2026-06-23 23:34:49
325,325,2,202612160007,,2026-06-23 23:34:49,2026-06-23 23:34:49
326,326,2,202612160008,,2026-06-23 23:34:49,2026-06-23 23:34:49
327,327,2,202612160042,,2026-06-23 23:34:49,2026-06-23 23:34:49
328,328,2,202322160001,,2026-06-23 23:34:49,2026-06-23 23:34:49
329,329,2,202612160044,,2026-06-23 23:34:49,2026-06-23 23:34:49
330,330,2,202212160032,,2026-06-23 23:34:49,2026-06-23 23:34:49
331,331,2,202512160041,,2026-06-23 23:34:49,2026-06-23 23:34:49
332,332,2,202612160003,,2026-06-23 23:34:49,2026-06-23 23:34:49
333,333,2,202412160001,,2026-06-23 23:34:49,2026-06-23 23:34:49
334,334,3,202612150007,,2026-06-23 23:34:49,2026-06-23 23:34:49
335,335,3,202512150006,,2026-06-23 23:34:49,2026-06-23 23:34:49
336,336,3,202512150016,,2026-06-23 23:34:49,2026-06-23 23:34:49
337,337,3,202512150018,,2026-06-23 23:34:49,2026-06-23 23:34:49
338,338,3,202512150012,,2026-06-23 23:34:49,2026-06-23 23:34:49
339,339,3,202612150006,,2026-06-23 23:34:49,2026-06-23 23:34:49
340,340,3,202612150002,,2026-06-23 23:34:49,2026-06-23 23:34:49
341,341,3,202512150019,,2026-06-23 23:34:50,2026-06-23 23:34:50
342,342,3,202612150004,,2026-06-23 23:34:50,2026-06-23 23:34:50
343,343,3,202512150015,,2026-06-23 23:34:50,2026-06-23 23:34:50
344,344,3,202612150001,,2026-06-23 23:34:50,2026-06-23 23:34:50
345,345,3,202512150011,,2026-06-23 23:34:50,2026-06-23 23:34:50
346,346,3,202512150007,,2026-06-23 23:34:50,2026-06-23 23:34:50
347,347,3,202512150005,,2026-06-23 23:34:50,2026-06-23 23:34:50
348,348,3,202512150008,,2026-06-23 23:34:50,2026-06-23 23:34:50
349,349,3,202512150009,,2026-06-23 23:34:50,2026-06-23 23:34:50
350,350,3,202512150020,,2026-06-23 23:34:50,2026-06-23 23:34:50
351,351,3,202412150007,,2026-06-23 23:34:50,2026-06-23 23:34:50
352,352,3,202612150005,,2026-06-23 23:34:50,2026-06-23 23:34:50
353,353,4,202512110014,,2026-06-23 23:34:50,2026-06-23 23:34:50
354,354,4,202412110015,,2026-06-23 23:34:50,2026-06-23 23:34:50
355,355,4,202612110028,,2026-06-23 23:34:50,2026-06-23 23:34:50
356,356,4,202612110035,,2026-06-23 23:34:50,2026-06-23 23:34:50
357,357,4,202412110011,,2026-06-23 23:34:50,2026-06-23 23:34:50
358,358,4,202412110021,,2026-06-23 23:34:51,2026-06-23 23:34:51
359,359,4,202512110008,,2026-06-23 23:34:51,2026-06-23 23:34:51
360,360,4,202612110014,,2026-06-23 23:34:51,2026-06-23 23:34:51
361,361,4,202612110008,,2026-06-23 23:34:51,2026-06-23 23:34:51
362,362,4,202512110006,,2026-06-23 23:34:51,2026-06-23 23:34:51
363,363,4,202412110018,,2026-06-23 23:34:51,2026-06-23 23:34:51
364,364,4,202512110012,,2026-06-23 23:34:51,2026-06-23 23:34:51
365,365,4,202412110016,,2026-06-23 23:34:51,2026-06-23 23:34:51
366,366,4,202412110019,,2026-06-23 23:34:51,2026-06-23 23:34:51
367,367,4,202512110024,,2026-06-23 23:34:51,2026-06-23 23:34:51
368,368,4,202612110016,,2026-06-23 23:34:51,2026-06-23 23:34:51
369,369,4,202512110030,,2026-06-23 23:34:51,2026-06-23 23:34:51
370,370,4,202412110031,,2026-06-23 23:34:51,2026-06-23 23:34:51
371,371,4,202512110033,,2026-06-23 23:34:51,2026-06-23 23:34:51
372,372,4,202412110029,,2026-06-23 23:34:51,2026-06-23 23:34:51
373,373,4,202612110020,,2026-06-23 23:34:51,2026-06-23 23:34:51
374,374,4,202512110004,,2026-06-23 23:34:51,2026-06-23 23:34:51
375,375,4,202512110037,,2026-06-23 23:34:52,2026-06-23 23:34:52
376,376,4,202612110013,,2026-06-23 23:34:52,2026-06-23 23:34:52
377,377,4,202412110005,,2026-06-23 23:34:52,2026-06-23 23:34:52
378,378,4,202612110024,,2026-06-23 23:34:52,2026-06-23 23:34:52
379,379,4,202612110019,,2026-06-23 23:34:52,2026-06-23 23:34:52
380,380,4,202512110034,,2026-06-23 23:34:52,2026-06-23 23:34:52
381,381,4,202612110023,,2026-06-23 23:34:52,2026-06-23 23:34:52
382,382,4,202412110032,,2026-06-23 23:34:52,2026-06-23 23:34:52
383,383,4,202612110012,,2026-06-23 23:34:52,2026-06-23 23:34:52
384,384,4,202612110007,,2026-06-23 23:34:52,2026-06-23 23:34:52
385,385,4,202412110013,,2026-06-23 23:34:52,2026-06-23 23:34:52
386,386,4,202512110017,,2026-06-23 23:34:52,2026-06-23 23:34:52
387,387,4,202612110027,,2026-06-23 23:34:52,2026-06-23 23:34:52
388,388,4,202612110030,,2026-06-23 23:34:52,2026-06-23 23:34:52
389,389,4,202512110021,,2026-06-23 23:34:52,2026-06-23 23:34:52
390,390,4,202512110032,,2026-06-23 23:34:52,2026-06-23 23:34:52
391,391,4,202512110023,,2026-06-23 23:34:52,2026-06-23 23:34:52
392,392,4,202612110018,,2026-06-23 23:34:53,2026-06-23 23:34:53
393,393,4,202412110017,,2026-06-23 23:34:53,2026-06-23 23:34:53
394,394,4,202412110012,,2026-06-23 23:34:53,2026-06-23 23:34:53
395,395,4,202612110032,,2026-06-23 23:34:53,2026-06-23 23:34:53
396,396,4,202512110002,,2026-06-23 23:34:53,2026-06-23 23:34:53
397,397,4,202612110015,,2026-06-23 23:34:53,2026-06-23 23:34:53
398,398,4,202612110021,,2026-06-23 23:34:53,2026-06-23 23:34:53
399,399,4,202612110033,,2026-06-23 23:34:53,2026-06-23 23:34:53
400,400,4,202512110007,,2026-06-23 23:34:53,2026-06-23 23:34:53
401,401,4,202512110035,,2026-06-23 23:34:53,2026-06-23 23:34:53
402,402,4,202412110006,,2026-06-23 23:34:53,2026-06-23 23:34:53
403,403,4,202512110016,,2026-06-23 23:34:53,2026-06-23 23:34:53
404,404,4,202612110009,,2026-06-23 23:34:53,2026-06-23 23:34:53
405,405,4,202612110004,,2026-06-23 23:34:53,2026-06-23 23:34:53
406,406,4,202512110015,,2026-06-23 23:34:53,2026-06-23 23:34:53
407,407,4,202512110018,,2026-06-23 23:34:53,2026-06-23 23:34:53
408,408,4,202412110004,,2026-06-23 23:34:53,2026-06-23 23:34:53
409,409,4,202612110029,,2026-06-23 23:34:54,2026-06-23 23:34:54
410,410,4,202412110034,,2026-06-23 23:34:54,2026-06-23 23:34:54
411,411,4,202512110036,,2026-06-23 23:34:54,2026-06-23 23:34:54
412,412,4,202412110025,,2026-06-23 23:34:54,2026-06-23 23:34:54
413,413,4,202612110034,,2026-06-23 23:34:54,2026-06-23 23:34:54
414,414,4,202612110017,,2026-06-23 23:34:54,2026-06-23 23:34:54
415,415,4,202612110022,,2026-06-23 23:34:54,2026-06-23 23:34:54
416,416,4,202412110007,,2026-06-23 23:34:54,2026-06-23 23:34:54
417,417,4,202412110022,,2026-06-23 23:34:54,2026-06-23 23:34:54
418,418,4,202512110019,,2026-06-23 23:34:54,2026-06-23 23:34:54
419,419,4,202512110028,,2026-06-23 23:34:54,2026-06-23 23:34:54
420,420,4,202612110010,,2026-06-23 23:34:54,2026-06-23 23:34:54
421,421,4,202612110001,,2026-06-23 23:34:54,2026-06-23 23:34:54
422,422,4,202412110020,,2026-06-23 23:34:54,2026-06-23 23:34:54
423,423,4,202512110009,,2026-06-23 23:34:54,2026-06-23 23:34:54
424,424,4,202612110011,,2026-06-23 23:34:54,2026-06-23 23:34:54
425,425,4,202412110028,,2026-06-23 23:34:54,2026-06-23 23:34:54
426,426,4,202512110005,,2026-06-23 23:34:55,2026-06-23 23:34:55
427,427,4,202412110001,,2026-06-23 23:34:55,2026-06-23 23:34:55
428,428,4,202412110003,,2026-06-23 23:34:55,2026-06-23 23:34:55
429,429,4,202412110036,,2026-06-23 23:34:55,2026-06-23 23:34:55
430,430,4,202512110013,,2026-06-23 23:34:55,2026-06-23 23:34:55
431,431,4,202412110033,,2026-06-23 23:34:55,2026-06-23 23:34:55
432,432,4,202612110025,,2026-06-23 23:34:55,2026-06-23 23:34:55
433,433,4,202512110025,,2026-06-23 23:34:55,2026-06-23 23:34:55
434,434,4,202412110026,,2026-06-23 23:34:55,2026-06-23 23:34:55
435,435,4,202512110010,,2026-06-23 23:34:55,2026-06-23 23:34:55
436,436,4,202412110008,,2026-06-23 23:34:55,2026-06-23 23:34:55
437,437,4,202512110020,,2026-06-23 23:34:55,2026-06-23 23:34:55
438,438,4,202612110003,,2026-06-23 23:34:55,2026-06-23 23:34:55
439,439,4,202512110003,,2026-06-23 23:34:55,2026-06-23 23:34:55
440,440,4,202612110006,,2026-06-23 23:34:55,2026-06-23 23:34:55
441,441,4,202412110009,,2026-06-23 23:34:55,2026-06-23 23:34:55
442,442,4,202612110005,,2026-06-23 23:34:56,2026-06-23 23:34:56
443,443,4,202412110035,,2026-06-23 23:34:56,2026-06-23 23:34:56
444,444,4,202612110002,,2026-06-23 23:34:56,2026-06-23 23:34:56
445,445,4,202412110010,,2026-06-23 23:34:56,2026-06-23 23:34:56
446,446,4,202512110031,,2026-06-23 23:34:56,2026-06-23 23:34:56
447,447,4,202512110029,,2026-06-23 23:34:56,2026-06-23 23:34:56
448,448,4,202412110014,,2026-06-23 23:34:56,2026-06-23 23:34:56
449,449,4,202612110031,,2026-06-23 23:34:56,2026-06-23 23:34:56
450,450,4,202412110027,,2026-06-23 23:34:56,2026-06-23 23:34:56
451,451,4,202412110030,,2026-06-23 23:34:56,2026-06-23 23:34:56
452,452,4,202512110026,,2026-06-23 23:34:56,2026-06-23 23:34:56
453,453,5,202510970004,,2026-06-23 23:34:56,2026-06-23 23:34:56
454,454,5,202610970019,,2026-06-23 23:34:56,2026-06-23 23:34:56
455,455,5,202610970003,,2026-06-23 23:34:56,2026-06-23 23:34:56
456,456,5,202510970027,,2026-06-23 23:34:56,2026-06-23 23:34:56
457,457,5,202310970030,,2026-06-23 23:34:56,2026-06-23 23:34:56
458,458,5,202410970012,,2026-06-23 23:34:56,2026-06-23 23:34:56
459,459,5,20221080970197,,2026-06-23 23:34:57,2026-06-23 23:34:57
460,460,5,202610970002,,2026-06-23 23:34:57,2026-06-23 23:34:57
461,461,5,202410970032,,2026-06-23 23:34:57,2026-06-23 23:34:57
462,462,5,202610970026,,2026-06-23 23:34:57,2026-06-23 23:34:57
463,463,5,202510970017,,2026-06-23 23:34:57,2026-06-23 23:34:57
464,464,5,202310970027,,2026-06-23 23:34:57,2026-06-23 23:34:57
465,465,5,202610970004,,2026-06-23 23:34:57,2026-06-23 23:34:57
466,466,5,202510970041,,2026-06-23 23:34:57,2026-06-23 23:34:57
467,467,5,202610970010,,2026-06-23 23:34:57,2026-06-23 23:34:57
468,468,5,202510970007,,2026-06-23 23:34:57,2026-06-23 23:34:57
469,469,5,202510970005,,2026-06-23 23:34:57,2026-06-23 23:34:57
470,470,5,202510970021,,2026-06-23 23:34:57,2026-06-23 23:34:57
471,471,5,202610970014,,2026-06-23 23:34:57,2026-06-23 23:34:57
472,472,5,202610970025,,2026-06-23 23:34:57,2026-06-23 23:34:57
473,473,5,202510970028,,2026-06-23 23:34:57,2026-06-23 23:34:57
474,474,5,202610970005,,2026-06-23 23:34:57,2026-06-23 23:34:57
475,475,5,202610970020,,2026-06-23 23:34:58,2026-06-23 23:34:58
476,476,5,202410970022,,2026-06-23 23:34:58,2026-06-23 23:34:58
477,477,5,202510970039,,2026-06-23 23:34:58,2026-06-23 23:34:58
478,478,5,202610970017,,2026-06-23 23:34:58,2026-06-23 23:34:58
479,479,5,202610970031,,2026-06-23 23:34:58,2026-06-23 23:34:58
480,480,5,20221080970308,,2026-06-23 23:34:58,2026-06-23 23:34:58
481,481,5,202610970012,,2026-06-23 23:34:58,2026-06-23 23:34:58
482,482,5,202310970022,,2026-06-23 23:34:58,2026-06-23 23:34:58
483,483,5,202510970025,,2026-06-23 23:34:58,2026-06-23 23:34:58
484,484,5,202610970023,,2026-06-23 23:34:58,2026-06-23 23:34:58
485,485,5,202510970036,,2026-06-23 23:34:58,2026-06-23 23:34:58
486,486,5,202610970030,,2026-06-23 23:34:58,2026-06-23 23:34:58
487,487,5,202410970009,,2026-06-23 23:34:58,2026-06-23 23:34:58
488,488,5,202410970038,,2026-06-23 23:34:58,2026-06-23 23:34:58
489,489,5,202410970015,,2026-06-23 23:34:58,2026-06-23 23:34:58
490,490,5,202610970024,,2026-06-23 23:34:58,2026-06-23 23:34:58
491,491,5,202610970027,,2026-06-23 23:34:58,2026-06-23 23:34:58
492,492,5,202610970008,,2026-06-23 23:34:59,2026-06-23 23:34:59
493,493,5,202610970018,,2026-06-23 23:34:59,2026-06-23 23:34:59
494,494,5,202610970016,,2026-06-23 23:34:59,2026-06-23 23:34:59
495,495,5,202510970002,,2026-06-23 23:34:59,2026-06-23 23:34:59
496,496,5,202610970029,,2026-06-23 23:34:59,2026-06-23 23:34:59
497,497,5,202510970037,,2026-06-23 23:34:59,2026-06-23 23:34:59
498,498,5,202410970013,,2026-06-23 23:34:59,2026-06-23 23:34:59
499,499,5,202610970021,,2026-06-23 23:34:59,2026-06-23 23:34:59
500,500,5,202510970011,,2026-06-23 23:34:59,2026-06-23 23:34:59
id,student_id,course_id,registration_number,entry_period,created_at,updated_at
501,501,5,202410970007,,2026-06-23 23:34:59,2026-06-23 23:34:59
502,502,5,202410970014,,2026-06-23 23:34:59,2026-06-23 23:34:59
503,503,5,202510970022,,2026-06-23 23:34:59,2026-06-23 23:34:59
504,504,5,202510970020,,2026-06-23 23:34:59,2026-06-23 23:34:59
505,505,5,202510970018,,2026-06-23 23:34:59,2026-06-23 23:34:59
506,506,5,202610970022,,2026-06-23 23:34:59,2026-06-23 23:34:59
507,507,5,202410970018,,2026-06-23 23:34:59,2026-06-23 23:34:59
508,508,5,202410970001,,2026-06-23 23:34:59,2026-06-23 23:34:59
509,509,5,202410970041,,2026-06-23 23:35:00,2026-06-23 23:35:00
510,510,5,202410970040,,2026-06-23 23:35:00,2026-06-23 23:35:00
511,511,5,202410970016,,2026-06-23 23:35:00,2026-06-23 23:35:00
512,512,5,202610970015,,2026-06-23 23:35:00,2026-06-23 23:35:00
513,513,5,202510970040,,2026-06-23 23:35:00,2026-06-23 23:35:00
514,514,5,202410970037,,2026-06-23 23:35:00,2026-06-23 23:35:00
515,515,5,202410970002,,2026-06-23 23:35:00,2026-06-23 23:35:00
516,516,5,202510970001,,2026-06-23 23:35:00,2026-06-23 23:35:00
517,517,5,202610970028,,2026-06-23 23:35:00,2026-06-23 23:35:00
518,518,5,202410970010,,2026-06-23 23:35:00,2026-06-23 23:35:00
519,519,5,20221080970049,,2026-06-23 23:35:00,2026-06-23 23:35:00
520,520,5,202510970035,,2026-06-23 23:35:00,2026-06-23 23:35:00
521,521,5,202510970015,,2026-06-23 23:35:00,2026-06-23 23:35:00
523,523,5,202510970042,,2026-06-23 23:35:00,2026-06-23 23:35:00
524,524,5,202310970036,,2026-06-23 23:35:00,2026-06-23 23:35:00
525,525,5,202510970010,,2026-06-23 23:35:00,2026-06-23 23:35:00
526,526,5,202610970006,,2026-06-23 23:35:01,2026-06-23 23:35:01
527,527,5,202410970004,,2026-06-23 23:35:01,2026-06-23 23:35:01
528,528,5,202410970008,,2026-06-23 23:35:01,2026-06-23 23:35:01
529,529,5,202310970018,,2026-06-23 23:35:01,2026-06-23 23:35:01
530,530,5,202410970017,,2026-06-23 23:35:01,2026-06-23 23:35:01
531,531,5,202320970002,,2026-06-23 23:35:01,2026-06-23 23:35:01
532,532,5,202410970011,,2026-06-23 23:35:01,2026-06-23 23:35:01
533,533,5,202410970025,,2026-06-23 23:35:01,2026-06-23 23:35:01
534,534,6,202511940037,,2026-06-23 23:35:01,2026-06-23 23:35:01
535,535,6,202611940022,,2026-06-23 23:35:01,2026-06-23 23:35:01
536,536,6,202611940017,,2026-06-23 23:35:01,2026-06-23 23:35:01
537,537,6,202521940020,,2026-06-23 23:35:01,2026-06-23 23:35:01
538,538,6,202511940038,,2026-06-23 23:35:01,2026-06-23 23:35:01
539,539,6,202511940022,,2026-06-23 23:35:01,2026-06-23 23:35:01
540,540,6,202611940025,,2026-06-23 23:35:01,2026-06-23 23:35:01
541,541,6,202521940033,,2026-06-23 23:35:01,2026-06-23 23:35:01
542,542,6,202521940031,,2026-06-23 23:35:02,2026-06-23 23:35:02
543,543,6,202511940031,,2026-06-23 23:35:02,2026-06-23 23:35:02
544,544,6,202611940001,,2026-06-23 23:35:02,2026-06-23 23:35:02
545,545,6,202611940009,,2026-06-23 23:35:02,2026-06-23 23:35:02
546,546,6,202611940038,,2026-06-23 23:35:02,2026-06-23 23:35:02
547,547,6,202611940004,,2026-06-23 23:35:02,2026-06-23 23:35:02
548,548,6,202411940009,,2026-06-23 23:35:02,2026-06-23 23:35:02
549,549,6,202611940013,,2026-06-23 23:35:02,2026-06-23 23:35:02
550,550,6,202611940008,,2026-06-23 23:35:02,2026-06-23 23:35:02
551,551,6,202421940004,,2026-06-23 23:35:02,2026-06-23 23:35:02
552,552,6,202511940009,,2026-06-23 23:35:02,2026-06-23 23:35:02
553,553,6,202521940030,,2026-06-23 23:35:02,2026-06-23 23:35:02
554,554,6,202511940025,,2026-06-23 23:35:02,2026-06-23 23:35:02
555,555,6,202611940028,,2026-06-23 23:35:02,2026-06-23 23:35:02
556,556,6,202611940030,,2026-06-23 23:35:02,2026-06-23 23:35:02
557,557,6,202611940014,,2026-06-23 23:35:02,2026-06-23 23:35:02
558,558,6,202421940003,,2026-06-23 23:35:02,2026-06-23 23:35:02
559,559,6,202521940039,,2026-06-23 23:35:03,2026-06-23 23:35:03
560,560,6,202611940021,,2026-06-23 23:35:03,2026-06-23 23:35:03
561,561,6,202611940032,,2026-06-23 23:35:03,2026-06-23 23:35:03
562,562,6,202521940034,,2026-06-23 23:35:03,2026-06-23 23:35:03
563,563,6,202521940025,,2026-06-23 23:35:03,2026-06-23 23:35:03
564,564,6,202421940010,,2026-06-23 23:35:03,2026-06-23 23:35:03
565,565,6,202611940037,,2026-06-23 23:35:03,2026-06-23 23:35:03
566,566,6,202521940032,,2026-06-23 23:35:03,2026-06-23 23:35:03
567,567,6,202611940023,,2026-06-23 23:35:03,2026-06-23 23:35:03
568,568,6,202521940010,,2026-06-23 23:35:03,2026-06-23 23:35:03
569,569,6,202611940040,,2026-06-23 23:35:03,2026-06-23 23:35:03
570,570,6,202521940003,,2026-06-23 23:35:03,2026-06-23 23:35:03
571,571,6,202611940033,,2026-06-23 23:35:03,2026-06-23 23:35:03
572,572,6,202511940023,,2026-06-23 23:35:03,2026-06-23 23:35:03
573,573,6,202611940029,,2026-06-23 23:35:03,2026-06-23 23:35:03
574,574,6,202511940014,,2026-06-23 23:35:03,2026-06-23 23:35:03
575,575,6,202511940001,,2026-06-23 23:35:03,2026-06-23 23:35:03
576,576,6,202521940040,,2026-06-23 23:35:04,2026-06-23 23:35:04
577,577,6,202521940026,,2026-06-23 23:35:04,2026-06-23 23:35:04
578,578,6,202511940010,,2026-06-23 23:35:04,2026-06-23 23:35:04
579,579,6,202521940029,,2026-06-23 23:35:04,2026-06-23 23:35:04
580,580,6,202521940013,,2026-06-23 23:35:04,2026-06-23 23:35:04
581,581,6,202511940011,,2026-06-23 23:35:04,2026-06-23 23:35:04
582,582,6,202421940015,,2026-06-23 23:35:04,2026-06-23 23:35:04
583,583,6,202511940032,,2026-06-23 23:35:04,2026-06-23 23:35:04
584,584,6,202611940027,,2026-06-23 23:35:04,2026-06-23 23:35:04
585,585,6,202611940018,,2026-06-23 23:35:04,2026-06-23 23:35:04
586,586,6,202611940012,,2026-06-23 23:35:04,2026-06-23 23:35:04
587,587,6,202521940027,,2026-06-23 23:35:04,2026-06-23 23:35:04
588,588,6,202511940015,,2026-06-23 23:35:04,2026-06-23 23:35:04
589,589,6,202521940009,,2026-06-23 23:35:04,2026-06-23 23:35:04
590,590,6,202611940035,,2026-06-23 23:35:04,2026-06-23 23:35:04
591,591,6,202611940026,,2026-06-23 23:35:04,2026-06-23 23:35:04
592,592,6,202611940006,,2026-06-23 23:35:05,2026-06-23 23:35:05
593,593,6,202521940008,,2026-06-23 23:35:05,2026-06-23 23:35:05
594,594,6,202521940005,,2026-06-23 23:35:05,2026-06-23 23:35:05
595,595,6,202511940039,,2026-06-23 23:35:05,2026-06-23 23:35:05
596,596,6,202521940041,,2026-06-23 23:35:05,2026-06-23 23:35:05
597,597,6,202521940012,,2026-06-23 23:35:05,2026-06-23 23:35:05
598,598,6,202511940035,,2026-06-23 23:35:05,2026-06-23 23:35:05
599,599,6,202511940016,,2026-06-23 23:35:05,2026-06-23 23:35:05
600,600,6,202511940040,,2026-06-23 23:35:05,2026-06-23 23:35:05
601,601,6,202611940041,,2026-06-23 23:35:05,2026-06-23 23:35:05
602,602,6,202611940010,,2026-06-23 23:35:05,2026-06-23 23:35:05
603,603,6,202421940031,,2026-06-23 23:35:05,2026-06-23 23:35:05
604,604,6,202511940036,,2026-06-23 23:35:05,2026-06-23 23:35:05
605,605,6,202511940006,,2026-06-23 23:35:05,2026-06-23 23:35:05
606,606,6,202521940035,,2026-06-23 23:35:05,2026-06-23 23:35:05
607,607,6,202421940026,,2026-06-23 23:35:05,2026-06-23 23:35:05
608,608,6,202611940039,,2026-06-23 23:35:05,2026-06-23 23:35:05
609,609,6,202611940016,,2026-06-23 23:35:06,2026-06-23 23:35:06
610,610,6,202611940007,,2026-06-23 23:35:06,2026-06-23 23:35:06
611,611,6,202611940011,,2026-06-23 23:35:06,2026-06-23 23:35:06
612,612,6,202511940017,,2026-06-23 23:35:06,2026-06-23 23:35:06
613,613,6,202611940003,,2026-06-23 23:35:06,2026-06-23 23:35:06
614,614,6,202511940005,,2026-06-23 23:35:06,2026-06-23 23:35:06
615,615,6,202611940015,,2026-06-23 23:35:06,2026-06-23 23:35:06
616,616,6,202611940024,,2026-06-23 23:35:06,2026-06-23 23:35:06
617,617,6,202611940020,,2026-06-23 23:35:06,2026-06-23 23:35:06
618,618,6,202521940038,,2026-06-23 23:35:06,2026-06-23 23:35:06
619,619,6,202511940018,,2026-06-23 23:35:06,2026-06-23 23:35:06
620,620,6,202421940017,,2026-06-23 23:35:06,2026-06-23 23:35:06
621,621,6,202611940002,,2026-06-23 23:35:06,2026-06-23 23:35:06
622,622,6,202611940036,,2026-06-23 23:35:06,2026-06-23 23:35:06
623,623,6,202511940029,,2026-06-23 23:35:06,2026-06-23 23:35:06
624,624,6,202611940031,,2026-06-23 23:35:06,2026-06-23 23:35:06
625,625,6,202521940011,,2026-06-23 23:35:07,2026-06-23 23:35:07
626,626,6,202611940005,,2026-06-23 23:35:07,2026-06-23 23:35:07
627,627,6,202521940018,,2026-06-23 23:35:07,2026-06-23 23:35:07
628,628,7,202511950017,,2026-06-23 23:35:07,2026-06-23 23:35:07
629,629,7,202511950025,,2026-06-23 23:35:07,2026-06-23 23:35:07
630,630,7,202611950033,,2026-06-23 23:35:07,2026-06-23 23:35:07
631,631,7,202611950005,,2026-06-23 23:35:07,2026-06-23 23:35:07
632,632,7,202511950020,,2026-06-23 23:35:07,2026-06-23 23:35:07
633,633,7,202511950005,,2026-06-23 23:35:07,2026-06-23 23:35:07
634,634,7,202611950006,,2026-06-23 23:35:07,2026-06-23 23:35:07
635,635,7,202511950012,,2026-06-23 23:35:07,2026-06-23 23:35:07
636,636,7,202611950001,,2026-06-23 23:35:07,2026-06-23 23:35:07
637,637,7,202511950001,,2026-06-23 23:35:07,2026-06-23 23:35:07
638,638,7,202611950003,,2026-06-23 23:35:07,2026-06-23 23:35:07
639,639,7,202611950007,,2026-06-23 23:35:07,2026-06-23 23:35:07
640,640,7,202511950013,,2026-06-23 23:35:07,2026-06-23 23:35:07
641,641,7,202611950017,,2026-06-23 23:35:07,2026-06-23 23:35:07
642,642,7,202611950024,,2026-06-23 23:35:08,2026-06-23 23:35:08
643,643,7,202611950022,,2026-06-23 23:35:08,2026-06-23 23:35:08
644,644,7,202611950032,,2026-06-23 23:35:08,2026-06-23 23:35:08
645,645,7,202511950003,,2026-06-23 23:35:08,2026-06-23 23:35:08
646,646,7,202611950025,,2026-06-23 23:35:08,2026-06-23 23:35:08
647,647,7,202611950021,,2026-06-23 23:35:08,2026-06-23 23:35:08
648,648,7,202611950008,,2026-06-23 23:35:08,2026-06-23 23:35:08
649,649,7,202511950023,,2026-06-23 23:35:08,2026-06-23 23:35:08
650,650,7,202611950016,,2026-06-23 23:35:08,2026-06-23 23:35:08
651,651,7,202611950014,,2026-06-23 23:35:08,2026-06-23 23:35:08
652,652,7,202611950030,,2026-06-23 23:35:08,2026-06-23 23:35:08
653,653,7,202511950007,,2026-06-23 23:35:08,2026-06-23 23:35:08
654,654,7,202611950019,,2026-06-23 23:35:08,2026-06-23 23:35:08
655,655,7,202511950018,,2026-06-23 23:35:08,2026-06-23 23:35:08
656,656,7,202511950009,,2026-06-23 23:35:08,2026-06-23 23:35:08
657,657,7,202511950021,,2026-06-23 23:35:08,2026-06-23 23:35:08
658,658,7,202511950029,,2026-06-23 23:35:09,2026-06-23 23:35:09
659,659,7,202611950031,,2026-06-23 23:35:09,2026-06-23 23:35:09
660,660,7,202611950011,,2026-06-23 23:35:09,2026-06-23 23:35:09
661,661,7,202511950035,,2026-06-23 23:35:09,2026-06-23 23:35:09
662,662,7,202611950009,,2026-06-23 23:35:09,2026-06-23 23:35:09
663,663,7,202611950029,,2026-06-23 23:35:09,2026-06-23 23:35:09
664,664,7,202511950016,,2026-06-23 23:35:09,2026-06-23 23:35:09
665,665,7,202511950024,,2026-06-23 23:35:09,2026-06-23 23:35:09
666,666,7,202511950034,,2026-06-23 23:35:09,2026-06-23 23:35:09
667,667,7,202511950031,,2026-06-23 23:35:09,2026-06-23 23:35:09
668,668,7,202511950015,,2026-06-23 23:35:09,2026-06-23 23:35:09
669,669,7,202611950035,,2026-06-23 23:35:09,2026-06-23 23:35:09
670,670,7,202611950027,,2026-06-23 23:35:09,2026-06-23 23:35:09
671,671,7,202611950028,,2026-06-23 23:35:09,2026-06-23 23:35:09
672,672,7,202611950034,,2026-06-23 23:35:09,2026-06-23 23:35:09
673,673,7,202511950032,,2026-06-23 23:35:09,2026-06-23 23:35:09
674,674,7,202611950015,,2026-06-23 23:35:10,2026-06-23 23:35:10
675,675,7,202511950004,,2026-06-23 23:35:10,2026-06-23 23:35:10
676,676,7,202611950012,,2026-06-23 23:35:10,2026-06-23 23:35:10
677,677,7,202611950002,,2026-06-23 23:35:10,2026-06-23 23:35:10
678,678,7,202611950020,,2026-06-23 23:35:10,2026-06-23 23:35:10
679,679,7,202511950008,,2026-06-23 23:35:10,2026-06-23 23:35:10
680,680,7,202611950013,,2026-06-23 23:35:10,2026-06-23 23:35:10
681,681,7,202611950026,,2026-06-23 23:35:10,2026-06-23 23:35:10
682,682,7,202611950010,,2026-06-23 23:35:10,2026-06-23 23:35:10
683,683,7,202611950004,,2026-06-23 23:35:10,2026-06-23 23:35:10
684,684,7,202611950018,,2026-06-23 23:35:10,2026-06-23 23:35:10
685,685,7,202511950010,,2026-06-23 23:35:10,2026-06-23 23:35:10
686,686,7,202511950006,,2026-06-23 23:35:10,2026-06-23 23:35:10
687,687,8,202612800019,,2026-06-23 23:35:10,2026-06-23 23:35:10
688,688,8,202612800011,,2026-06-23 23:35:10,2026-06-23 23:35:10
689,689,8,202512800025,,2026-06-23 23:35:10,2026-06-23 23:35:10
690,690,8,202512800028,,2026-06-23 23:35:10,2026-06-23 23:35:10
691,691,8,202512800020,,2026-06-23 23:35:11,2026-06-23 23:35:11
692,692,8,202512800003,,2026-06-23 23:35:11,2026-06-23 23:35:11
693,693,8,202512800008,,2026-06-23 23:35:11,2026-06-23 23:35:11
694,694,8,202612800025,,2026-06-23 23:35:11,2026-06-23 23:35:11
695,695,8,202612800013,,2026-06-23 23:35:11,2026-06-23 23:35:11
696,696,8,202612800007,,2026-06-23 23:35:11,2026-06-23 23:35:11
697,697,8,202512800012,,2026-06-23 23:35:11,2026-06-23 23:35:11
698,698,8,202512800035,,2026-06-23 23:35:11,2026-06-23 23:35:11
699,699,8,202612800016,,2026-06-23 23:35:11,2026-06-23 23:35:11
700,700,8,202612800002,,2026-06-23 23:35:11,2026-06-23 23:35:11
701,701,8,202612800035,,2026-06-23 23:35:11,2026-06-23 23:35:11
702,702,8,202612800023,,2026-06-23 23:35:11,2026-06-23 23:35:11
703,703,8,202512800026,,2026-06-23 23:35:11,2026-06-23 23:35:11
704,704,8,202612800003,,2026-06-23 23:35:11,2026-06-23 23:35:11
705,705,8,202512800018,,2026-06-23 23:35:11,2026-06-23 23:35:11
706,706,8,202512800039,,2026-06-23 23:35:11,2026-06-23 23:35:11
707,707,8,202612800014,,2026-06-23 23:35:12,2026-06-23 23:35:12
708,708,8,202612800006,,2026-06-23 23:35:12,2026-06-23 23:35:12
709,709,8,202512800013,,2026-06-23 23:35:12,2026-06-23 23:35:12
710,710,8,202512800010,,2026-06-23 23:35:12,2026-06-23 23:35:12
711,711,8,202512800029,,2026-06-23 23:35:12,2026-06-23 23:35:12
712,712,8,202612800005,,2026-06-23 23:35:12,2026-06-23 23:35:12
713,713,8,202612800034,,2026-06-23 23:35:12,2026-06-23 23:35:12
714,714,8,202512800002,,2026-06-23 23:35:12,2026-06-23 23:35:12
715,715,8,202612800039,,2026-06-23 23:35:12,2026-06-23 23:35:12
716,716,8,202612800012,,2026-06-23 23:35:12,2026-06-23 23:35:12
717,717,8,202512800019,,2026-06-23 23:35:12,2026-06-23 23:35:12
718,718,8,202512800027,,2026-06-23 23:35:12,2026-06-23 23:35:12
719,719,8,202612800028,,2026-06-23 23:35:12,2026-06-23 23:35:12
720,720,8,202612800032,,2026-06-23 23:35:12,2026-06-23 23:35:12
721,721,8,202612800029,,2026-06-23 23:35:12,2026-06-23 23:35:12
722,722,8,202612800018,,2026-06-23 23:35:12,2026-06-23 23:35:12
723,723,8,202512800033,,2026-06-23 23:35:12,2026-06-23 23:35:12
724,724,8,202512800014,,2026-06-23 23:35:13,2026-06-23 23:35:13
725,725,8,202612800022,,2026-06-23 23:35:13,2026-06-23 23:35:13
726,726,8,202512800023,,2026-06-23 23:35:13,2026-06-23 23:35:13
727,727,8,202512800015,,2026-06-23 23:35:13,2026-06-23 23:35:13
728,728,8,202512800009,,2026-06-23 23:35:13,2026-06-23 23:35:13
729,729,8,202512800004,,2026-06-23 23:35:13,2026-06-23 23:35:13
730,730,8,202512800007,,2026-06-23 23:35:13,2026-06-23 23:35:13
731,731,8,202612800031,,2026-06-23 23:35:13,2026-06-23 23:35:13
732,732,8,202512800022,,2026-06-23 23:35:13,2026-06-23 23:35:13
733,733,8,202612800038,,2026-06-23 23:35:13,2026-06-23 23:35:13
734,734,8,202512800006,,2026-06-23 23:35:13,2026-06-23 23:35:13
735,735,8,202612800008,,2026-06-23 23:35:13,2026-06-23 23:35:13
736,736,8,202612800027,,2026-06-23 23:35:13,2026-06-23 23:35:13
737,737,8,202512800030,,2026-06-23 23:35:13,2026-06-23 23:35:13
738,738,8,202612800033,,2026-06-23 23:35:13,2026-06-23 23:35:13
739,739,8,202512800037,,2026-06-23 23:35:13,2026-06-23 23:35:13
740,740,8,202612800010,,2026-06-23 23:35:14,2026-06-23 23:35:14
741,741,8,202512800017,,2026-06-23 23:35:14,2026-06-23 23:35:14
742,742,8,202612800040,,2026-06-23 23:35:14,2026-06-23 23:35:14
743,743,8,202612800020,,2026-06-23 23:35:14,2026-06-23 23:35:14
744,744,8,202612800021,,2026-06-23 23:35:14,2026-06-23 23:35:14
745,745,8,202512800016,,2026-06-23 23:35:14,2026-06-23 23:35:14
746,746,8,202512800024,,2026-06-23 23:35:14,2026-06-23 23:35:14
747,747,8,202612800004,,2026-06-23 23:35:14,2026-06-23 23:35:14
748,748,8,202612800037,,2026-06-23 23:35:14,2026-06-23 23:35:14
749,749,8,202612800001,,2026-06-23 23:35:14,2026-06-23 23:35:14
750,750,8,202612800036,,2026-06-23 23:35:14,2026-06-23 23:35:14
751,751,9,202613490035,,2026-06-23 23:35:14,2026-06-23 23:35:14
752,752,9,202613490002,,2026-06-23 23:35:14,2026-06-23 23:35:14
753,753,9,202613490033,,2026-06-23 23:35:14,2026-06-23 23:35:14
754,754,9,202613490015,,2026-06-23 23:35:14,2026-06-23 23:35:14
755,755,9,202613490014,,2026-06-23 23:35:14,2026-06-23 23:35:14
756,756,9,202613490019,,2026-06-23 23:35:15,2026-06-23 23:35:15
757,757,9,202613490004,,2026-06-23 23:35:15,2026-06-23 23:35:15
758,758,9,202613490016,,2026-06-23 23:35:15,2026-06-23 23:35:15
759,759,9,202613490017,,2026-06-23 23:35:15,2026-06-23 23:35:15
760,760,9,202613490005,,2026-06-23 23:35:15,2026-06-23 23:35:15
761,761,9,202613490025,,2026-06-23 23:35:15,2026-06-23 23:35:15
762,762,9,202613490011,,2026-06-23 23:35:15,2026-06-23 23:35:15
763,763,9,202613490022,,2026-06-23 23:35:15,2026-06-23 23:35:15
764,764,9,202613490029,,2026-06-23 23:35:15,2026-06-23 23:35:15
765,765,9,202613490027,,2026-06-23 23:35:15,2026-06-23 23:35:15
766,766,9,202613490010,,2026-06-23 23:35:15,2026-06-23 23:35:15
767,767,9,202613490006,,2026-06-23 23:35:15,2026-06-23 23:35:15
768,768,9,202613490012,,2026-06-23 23:35:15,2026-06-23 23:35:15
769,769,9,202613490007,,2026-06-23 23:35:15,2026-06-23 23:35:15
770,770,9,202613490023,,2026-06-23 23:35:15,2026-06-23 23:35:15
771,771,9,202613490008,,2026-06-23 23:35:15,2026-06-23 23:35:15
772,772,9,202613490018,,2026-06-23 23:35:15,2026-06-23 23:35:15
773,773,9,202613490028,,2026-06-23 23:35:16,2026-06-23 23:35:16
774,774,9,202613490031,,2026-06-23 23:35:16,2026-06-23 23:35:16
775,775,9,202613490003,,2026-06-23 23:35:16,2026-06-23 23:35:16
776,776,9,202613490026,,2026-06-23 23:35:16,2026-06-23 23:35:16
777,777,9,202613490021,,2026-06-23 23:35:16,2026-06-23 23:35:16
778,778,9,202613490013,,2026-06-23 23:35:16,2026-06-23 23:35:16
779,779,9,202613490024,,2026-06-23 23:35:16,2026-06-23 23:35:16
780,780,9,202613490030,,2026-06-23 23:35:16,2026-06-23 23:35:16
781,781,9,202613490036,,2026-06-23 23:35:16,2026-06-23 23:35:16
782,782,9,202613490009,,2026-06-23 23:35:16,2026-06-23 23:35:16
783,783,9,202613490020,,2026-06-23 23:35:16,2026-06-23 23:35:16
784,784,9,202613490034,,2026-06-23 23:35:16,2026-06-23 23:35:16
785,785,9,202613490032,,2026-06-23 23:35:16,2026-06-23 23:35:16
522,522,5,20211080970076,2021.1,2026-06-23 23:35:00,2026-06-25 10:49:44
