role_id,model_type,model_id,team_id
1,App\Models\User,1,0
2,App\Models\User,2,1
3,App\Models\User,3,1
3,App\Models\User,4,1
4,App\Models\User,81,1
4,App\Models\User,5,1
4,App\Models\User,64,1
4,App\Models\User,6,1
4,App\Models\User,7,1
4,App\Models\User,65,1
4,App\Models\User,8,1
4,App\Models\User,75,1
4,App\Models\User,10,1
4,App\Models\User,135,1
4,App\Models\User,11,1
4,App\Models\User,67,1
4,App\Models\User,12,1
4,App\Models\User,45,1
4,App\Models\User,13,1
4,App\Models\User,14,1
4,App\Models\User,30,1
4,App\Models\User,15,1
4,App\Models\User,69,1
4,App\Models\User,16,1
4,App\Models\User,40,1
4,App\Models\User,70,1
4,App\Models\User,18,1
4,App\Models\User,74,1
4,App\Models\User,71,1
4,App\Models\User,20,1
4,App\Models\User,113,1
4,App\Models\User,21,1
4,App\Models\User,72,1
4,App\Models\User,22,1
4,App\Models\User,84,1
4,App\Models\User,23,1
4,App\Models\User,44,1
4,App\Models\User,24,1
4,App\Models\User,73,1
4,App\Models\User,19,1
4,App\Models\User,108,1
4,App\Models\User,26,1
4,App\Models\User,27,1
4,App\Models\User,78,1
4,App\Models\User,28,1
4,App\Models\User,92,1
4,App\Models\User,29,1
4,App\Models\User,112,1
4,App\Models\User,46,1
4,App\Models\User,76,1
4,App\Models\User,32,1
4,App\Models\User,223,1
4,App\Models\User,33,1
4,App\Models\User,77,1
4,App\Models\User,34,1
4,App\Models\User,41,1
4,App\Models\User,35,1
4,App\Models\User,36,1
4,App\Models\User,63,1
4,App\Models\User,37,1
4,App\Models\User,56,1
4,App\Models\User,79,1
4,App\Models\User,39,1
4,App\Models\User,38,1
4,App\Models\User,50,1
4,App\Models\User,80,1
4,App\Models\User,51,1
4,App\Models\User,42,1
4,App\Models\User,43,1
4,App\Models\User,106,1
4,App\Models\User,82,1
4,App\Models\User,47,1
4,App\Models\User,134,1
4,App\Models\User,48,1
4,App\Models\User,58,1
4,App\Models\User,85,1
4,App\Models\User,55,1
4,App\Models\User,49,1
4,App\Models\User,96,1
4,App\Models\User,86,1
4,App\Models\User,53,1
4,App\Models\User,87,1
4,App\Models\User,54,1
4,App\Models\User,83,1
4,App\Models\User,66,1
4,App\Models\User,88,1
4,App\Models\User,89,1
4,App\Models\User,94,1
4,App\Models\User,59,1
4,App\Models\User,60,1
4,App\Models\User,90,1
4,App\Models\User,61,1
4,App\Models\User,62,1
4,App\Models\User,91,1
4,App\Models\User,93,1
4,App\Models\User,95,1
4,App\Models\User,98,1
4,App\Models\User,97,1
4,App\Models\User,99,1
4,App\Models\User,68,1
4,App\Models\User,100,1
4,App\Models\User,101,1
4,App\Models\User,102,1
4,App\Models\User,105,1
4,App\Models\User,107,1
4,App\Models\User,31,1
4,App\Models\User,109,1
4,App\Models\User,110,1
4,App\Models\User,111,1
4,App\Models\User,17,1
4,App\Models\User,114,1
4,App\Models\User,103,1
4,App\Models\User,104,1
4,App\Models\User,9,1
4,App\Models\User,115,1
4,App\Models\User,52,1
4,App\Models\User,117,1
4,App\Models\User,198,1
4,App\Models\User,136,1
4,App\Models\User,119,1
4,App\Models\User,132,1
1,App\Models\User,120,0
4,App\Models\User,216,1
4,App\Models\User,121,1
4,App\Models\User,137,1
4,App\Models\User,122,1
4,App\Models\User,116,1
4,App\Models\User,123,1
4,App\Models\User,124,1
4,App\Models\User,125,1
4,App\Models\User,139,1
4,App\Models\User,126,1
4,App\Models\User,224,1
4,App\Models\User,127,1
4,App\Models\User,140,1
4,App\Models\User,204,1
4,App\Models\User,141,1
4,App\Models\User,225,1
4,App\Models\User,131,1
4,App\Models\User,142,1
4,App\Models\User,130,1
4,App\Models\User,143,1
4,App\Models\User,144,1
4,App\Models\User,226,1
4,App\Models\User,145,1
4,App\Models\User,57,1
4,App\Models\User,148,1
4,App\Models\User,227,1
4,App\Models\User,149,1
4,App\Models\User,150,1
4,App\Models\User,25,1
4,App\Models\User,228,1
4,App\Models\User,151,1
4,App\Models\User,197,1
4,App\Models\User,152,1
4,App\Models\User,212,1
4,App\Models\User,153,1
4,App\Models\User,146,1
4,App\Models\User,154,1
4,App\Models\User,129,1
4,App\Models\User,155,1
4,App\Models\User,209,1
4,App\Models\User,156,1
4,App\Models\User,133,1
4,App\Models\User,193,1
4,App\Models\User,118,1
4,App\Models\User,158,1
4,App\Models\User,207,1
4,App\Models\User,187,1
4,App\Models\User,170,1
4,App\Models\User,159,1
4,App\Models\User,160,1
4,App\Models\User,163,1
4,App\Models\User,164,1
4,App\Models\User,165,1
4,App\Models\User,166,1
4,App\Models\User,157,1
4,App\Models\User,167,1
4,App\Models\User,168,1
4,App\Models\User,169,1
4,App\Models\User,173,1
4,App\Models\User,161,1
4,App\Models\User,172,1
4,App\Models\User,171,1
4,App\Models\User,174,1
4,App\Models\User,175,1
4,App\Models\User,162,1
4,App\Models\User,176,1
4,App\Models\User,177,1
4,App\Models\User,178,1
4,App\Models\User,179,1
4,App\Models\User,180,1
4,App\Models\User,181,1
4,App\Models\User,182,1
4,App\Models\User,183,1
4,App\Models\User,184,1
4,App\Models\User,185,1
4,App\Models\User,186,1
4,App\Models\User,188,1
4,App\Models\User,189,1
4,App\Models\User,191,1
4,App\Models\User,203,1
4,App\Models\User,192,1
4,App\Models\User,195,1
4,App\Models\User,190,1
4,App\Models\User,194,1
4,App\Models\User,196,1
4,App\Models\User,199,1
4,App\Models\User,200,1
4,App\Models\User,201,1
4,App\Models\User,202,1
4,App\Models\User,205,1
4,App\Models\User,206,1
4,App\Models\User,138,1
4,App\Models\User,208,1
4,App\Models\User,210,1
4,App\Models\User,211,1
4,App\Models\User,213,1
4,App\Models\User,214,1
4,App\Models\User,215,1
4,App\Models\User,217,1
4,App\Models\User,128,1
4,App\Models\User,218,1
4,App\Models\User,219,1
4,App\Models\User,220,1
4,App\Models\User,221,1
4,App\Models\User,222,1
4,App\Models\User,229,1
4,App\Models\User,230,1
4,App\Models\User,231,1
4,App\Models\User,232,1
4,App\Models\User,234,1
4,App\Models\User,235,1
4,App\Models\User,236,1
4,App\Models\User,237,1
4,App\Models\User,147,1
4,App\Models\User,238,1
4,App\Models\User,239,1
4,App\Models\User,240,1
4,App\Models\User,241,1
4,App\Models\User,243,1
4,App\Models\User,244,1
4,App\Models\User,245,1
4,App\Models\User,246,1
4,App\Models\User,297,1
4,App\Models\User,248,1
4,App\Models\User,249,1
4,App\Models\User,276,1
4,App\Models\User,251,1
4,App\Models\User,252,1
4,App\Models\User,253,1
4,App\Models\User,250,1
4,App\Models\User,254,1
4,App\Models\User,255,1
4,App\Models\User,256,1
4,App\Models\User,257,1
4,App\Models\User,258,1
4,App\Models\User,259,1
4,App\Models\User,260,1
4,App\Models\User,261,1
4,App\Models\User,262,1
4,App\Models\User,263,1
4,App\Models\User,247,1
4,App\Models\User,264,1
4,App\Models\User,265,1
4,App\Models\User,266,1
4,App\Models\User,267,1
4,App\Models\User,268,1
4,App\Models\User,270,1
4,App\Models\User,271,1
4,App\Models\User,272,1
4,App\Models\User,273,1
4,App\Models\User,274,1
4,App\Models\User,277,1
4,App\Models\User,278,1
4,App\Models\User,279,1
4,App\Models\User,280,1
4,App\Models\User,281,1
4,App\Models\User,298,1
4,App\Models\User,282,1
4,App\Models\User,283,1
4,App\Models\User,269,1
4,App\Models\User,285,1
4,App\Models\User,286,1
4,App\Models\User,287,1
4,App\Models\User,288,1
4,App\Models\User,284,1
4,App\Models\User,289,1
4,App\Models\User,290,1
4,App\Models\User,299,1
4,App\Models\User,275,1
4,App\Models\User,291,1
4,App\Models\User,292,1
4,App\Models\User,293,1
4,App\Models\User,311,1
4,App\Models\User,295,1
4,App\Models\User,296,1
4,App\Models\User,301,1
4,App\Models\User,302,1
4,App\Models\User,294,1
4,App\Models\User,303,1
4,App\Models\User,300,1
4,App\Models\User,304,1
4,App\Models\User,305,1
4,App\Models\User,306,1
4,App\Models\User,308,1
4,App\Models\User,309,1
4,App\Models\User,310,1
4,App\Models\User,312,1
4,App\Models\User,242,1
4,App\Models\User,313,1
4,App\Models\User,314,1
4,App\Models\User,315,1
4,App\Models\User,317,1
4,App\Models\User,233,1
4,App\Models\User,318,1
4,App\Models\User,316,1
4,App\Models\User,307,1
