id,team_id,user_id,role,created_at,updated_at
1,1,2,manager,2026-06-23 23:34:04,2026-06-23 23:34:04
2,1,3,tae,2026-06-23 23:34:04,2026-06-23 23:34:04
3,1,4,tae,2026-06-23 23:34:04,2026-06-23 23:34:04
4,1,5,student,2026-06-24 01:56:22,2026-06-24 01:56:22
5,1,6,student,2026-06-24 02:01:24,2026-06-24 02:01:24
6,1,7,student,2026-06-24 02:07:41,2026-06-24 02:07:41
7,1,8,student,2026-06-24 02:08:13,2026-06-24 02:08:13
8,1,9,student,2026-06-24 02:08:42,2026-06-24 02:08:42
9,1,10,student,2026-06-24 02:11:51,2026-06-24 02:11:51
10,1,11,student,2026-06-24 02:11:55,2026-06-24 02:11:55
11,1,12,student,2026-06-24 02:15:06,2026-06-24 02:15:06
12,1,13,student,2026-06-24 02:18:45,2026-06-24 02:18:45
13,1,14,student,2026-06-24 02:30:38,2026-06-24 02:30:38
14,1,15,student,2026-06-24 02:39:59,2026-06-24 02:39:59
15,1,16,student,2026-06-24 02:42:52,2026-06-24 02:42:52
16,1,17,student,2026-06-24 02:43:59,2026-06-24 02:43:59
17,1,18,student,2026-06-24 03:12:04,2026-06-24 03:12:04
18,1,19,student,2026-06-24 08:48:34,2026-06-24 08:48:34
19,1,20,student,2026-06-24 08:59:23,2026-06-24 08:59:23
20,1,21,student,2026-06-24 09:04:31,2026-06-24 09:04:31
21,1,22,student,2026-06-24 09:38:11,2026-06-24 09:38:11
22,1,23,student,2026-06-24 09:58:54,2026-06-24 09:58:54
23,1,24,student,2026-06-24 10:09:08,2026-06-24 10:09:08
24,1,25,student,2026-06-24 10:23:30,2026-06-24 10:23:30
25,1,26,student,2026-06-24 10:24:41,2026-06-24 10:24:41
26,1,27,student,2026-06-24 10:25:14,2026-06-24 10:25:14
27,1,28,student,2026-06-24 10:25:44,2026-06-24 10:25:44
28,1,29,student,2026-06-24 10:32:06,2026-06-24 10:32:06
29,1,30,student,2026-06-24 10:43:16,2026-06-24 10:43:16
30,1,31,student,2026-06-24 10:52:34,2026-06-24 10:52:34
31,1,32,student,2026-06-24 11:06:12,2026-06-24 11:06:12
32,1,33,student,2026-06-24 11:13:17,2026-06-24 11:13:17
33,1,34,student,2026-06-24 11:28:12,2026-06-24 11:28:12
34,1,35,student,2026-06-24 11:31:39,2026-06-24 11:31:39
35,1,36,student,2026-06-24 11:34:02,2026-06-24 11:34:02
36,1,37,student,2026-06-24 11:35:16,2026-06-24 11:35:16
37,1,38,student,2026-06-24 11:38:33,2026-06-24 11:38:33
38,1,39,student,2026-06-24 11:38:47,2026-06-24 11:38:47
39,1,40,student,2026-06-24 11:52:13,2026-06-24 11:52:13
40,1,41,student,2026-06-24 11:52:23,2026-06-24 11:52:23
41,1,42,student,2026-06-24 12:04:52,2026-06-24 12:04:52
42,1,43,student,2026-06-24 12:05:07,2026-06-24 12:05:07
43,1,44,student,2026-06-24 12:17:04,2026-06-24 12:17:04
44,1,45,student,2026-06-24 12:20:36,2026-06-24 12:20:36
45,1,46,student,2026-06-24 12:28:13,2026-06-24 12:28:13
46,1,47,student,2026-06-24 12:28:59,2026-06-24 12:28:59
47,1,48,student,2026-06-24 12:29:32,2026-06-24 12:29:32
48,1,49,student,2026-06-24 12:29:39,2026-06-24 12:29:39
49,1,50,student,2026-06-24 12:29:54,2026-06-24 12:29:54
50,1,51,student,2026-06-24 12:30:14,2026-06-24 12:30:14
51,1,52,student,2026-06-24 12:34:59,2026-06-24 12:34:59
52,1,53,student,2026-06-24 12:37:28,2026-06-24 12:37:28
53,1,54,student,2026-06-24 12:37:42,2026-06-24 12:37:42
54,1,55,student,2026-06-24 12:39:25,2026-06-24 12:39:25
55,1,56,student,2026-06-24 12:39:41,2026-06-24 12:39:41
56,1,57,student,2026-06-24 12:40:30,2026-06-24 12:40:30
57,1,58,student,2026-06-24 12:42:15,2026-06-24 12:42:15
58,1,59,student,2026-06-24 12:44:08,2026-06-24 12:44:08
59,1,60,student,2026-06-24 12:45:07,2026-06-24 12:45:07
60,1,61,student,2026-06-24 12:46:41,2026-06-24 12:46:41
61,1,62,student,2026-06-24 12:47:20,2026-06-24 12:47:20
62,1,63,student,2026-06-24 12:49:57,2026-06-24 12:49:57
63,1,64,student,2026-06-24 12:51:08,2026-06-24 12:51:08
64,1,65,student,2026-06-24 12:51:08,2026-06-24 12:51:08
65,1,66,student,2026-06-24 12:51:17,2026-06-24 12:51:17
66,1,67,student,2026-06-24 12:51:40,2026-06-24 12:51:40
67,1,68,student,2026-06-24 12:51:54,2026-06-24 12:51:54
68,1,69,student,2026-06-24 12:54:52,2026-06-24 12:54:52
69,1,70,student,2026-06-24 12:55:52,2026-06-24 12:55:52
70,1,71,student,2026-06-24 12:56:13,2026-06-24 12:56:13
71,1,72,student,2026-06-24 12:57:07,2026-06-24 12:57:07
72,1,73,student,2026-06-24 12:58:02,2026-06-24 12:58:02
73,1,74,student,2026-06-24 12:59:19,2026-06-24 12:59:19
74,1,75,student,2026-06-24 13:05:53,2026-06-24 13:05:53
75,1,76,student,2026-06-24 13:08:40,2026-06-24 13:08:40
76,1,77,student,2026-06-24 13:08:48,2026-06-24 13:08:48
77,1,78,student,2026-06-24 13:08:58,2026-06-24 13:08:58
78,1,79,student,2026-06-24 13:12:22,2026-06-24 13:12:22
79,1,80,student,2026-06-24 13:13:33,2026-06-24 13:13:33
80,1,81,student,2026-06-24 13:18:58,2026-06-24 13:18:58
81,1,82,student,2026-06-24 13:20:05,2026-06-24 13:20:05
82,1,83,student,2026-06-24 13:21:32,2026-06-24 13:21:32
83,1,84,student,2026-06-24 13:24:45,2026-06-24 13:24:45
84,1,85,student,2026-06-24 13:26:24,2026-06-24 13:26:24
85,1,86,student,2026-06-24 13:28:17,2026-06-24 13:28:17
86,1,87,student,2026-06-24 13:29:02,2026-06-24 13:29:02
87,1,88,student,2026-06-24 13:33:35,2026-06-24 13:33:35
88,1,89,student,2026-06-24 13:34:59,2026-06-24 13:34:59
89,1,90,student,2026-06-24 13:44:40,2026-06-24 13:44:40
90,1,91,student,2026-06-24 13:50:12,2026-06-24 13:50:12
91,1,92,student,2026-06-24 13:51:00,2026-06-24 13:51:00
92,1,93,student,2026-06-24 13:52:23,2026-06-24 13:52:23
93,1,94,student,2026-06-24 13:59:25,2026-06-24 13:59:25
94,1,95,student,2026-06-24 13:59:51,2026-06-24 13:59:51
95,1,96,student,2026-06-24 13:59:54,2026-06-24 13:59:54
96,1,97,student,2026-06-24 14:01:29,2026-06-24 14:01:29
97,1,98,student,2026-06-24 14:04:22,2026-06-24 14:04:22
98,1,99,student,2026-06-24 14:07:04,2026-06-24 14:07:04
99,1,100,student,2026-06-24 14:10:40,2026-06-24 14:10:40
100,1,101,student,2026-06-24 14:30:58,2026-06-24 14:30:58
101,1,102,student,2026-06-24 14:47:05,2026-06-24 14:47:05
102,1,103,student,2026-06-24 15:01:20,2026-06-24 15:01:20
103,1,104,student,2026-06-24 16:00:03,2026-06-24 16:00:03
104,1,105,student,2026-06-24 16:24:25,2026-06-24 16:24:25
105,1,106,student,2026-06-24 16:42:10,2026-06-24 16:42:10
106,1,107,student,2026-06-24 16:59:40,2026-06-24 16:59:40
107,1,108,student,2026-06-24 17:22:19,2026-06-24 17:22:19
108,1,109,student,2026-06-24 17:52:43,2026-06-24 17:52:43
109,1,110,student,2026-06-24 17:57:13,2026-06-24 17:57:13
110,1,111,student,2026-06-24 17:59:28,2026-06-24 17:59:28
111,1,112,student,2026-06-24 19:34:56,2026-06-24 19:34:56
112,1,113,student,2026-06-24 19:43:42,2026-06-24 19:43:42
113,1,114,student,2026-06-24 21:55:50,2026-06-24 21:55:50
114,1,115,student,2026-06-24 22:18:18,2026-06-24 22:18:18
115,1,116,student,2026-06-24 22:54:54,2026-06-24 22:54:54
116,1,117,student,2026-06-25 00:32:54,2026-06-25 00:32:54
117,1,118,student,2026-06-25 00:33:06,2026-06-25 00:33:06
118,1,119,student,2026-06-25 00:44:19,2026-06-25 00:44:19
119,1,121,student,2026-06-25 13:40:39,2026-06-25 13:40:39
120,1,122,student,2026-06-25 17:21:40,2026-06-25 17:21:40
121,1,123,student,2026-06-25 23:13:50,2026-06-25 23:13:50
122,1,124,student,2026-06-25 23:50:54,2026-06-25 23:50:54
123,1,125,student,2026-06-26 13:14:34,2026-06-26 13:14:34
124,1,126,student,2026-06-26 13:15:25,2026-06-26 13:15:25
125,1,127,student,2026-06-26 13:15:41,2026-06-26 13:15:41
126,1,128,student,2026-06-26 13:16:37,2026-06-26 13:16:37
127,1,129,student,2026-06-26 13:18:49,2026-06-26 13:18:49
128,1,130,student,2026-06-26 13:18:52,2026-06-26 13:18:52
129,1,131,student,2026-06-26 13:19:21,2026-06-26 13:19:21
130,1,132,student,2026-06-26 13:19:56,2026-06-26 13:19:56
131,1,133,student,2026-06-26 13:33:06,2026-06-26 13:33:06
132,1,134,student,2026-06-26 13:33:16,2026-06-26 13:33:16
133,1,135,student,2026-06-26 13:35:56,2026-06-26 13:35:56
134,1,136,student,2026-06-26 13:47:18,2026-06-26 13:47:18
135,1,137,student,2026-06-26 13:47:44,2026-06-26 13:47:44
136,1,138,student,2026-06-26 13:49:42,2026-06-26 13:49:42
137,1,139,student,2026-06-26 13:56:10,2026-06-26 13:56:10
138,1,140,student,2026-06-26 14:01:57,2026-06-26 14:01:57
139,1,141,student,2026-06-26 14:02:01,2026-06-26 14:02:01
140,1,142,student,2026-06-26 14:08:05,2026-06-26 14:08:05
141,1,143,student,2026-06-26 14:24:44,2026-06-26 14:24:44
142,1,144,student,2026-06-26 14:25:27,2026-06-26 14:25:27
143,1,145,student,2026-06-26 14:30:49,2026-06-26 14:30:49
144,1,146,student,2026-06-26 14:44:14,2026-06-26 14:44:14
145,1,147,student,2026-06-26 14:48:08,2026-06-26 14:48:08
146,1,148,student,2026-06-26 14:53:13,2026-06-26 14:53:13
147,1,149,student,2026-06-26 15:42:12,2026-06-26 15:42:12
148,1,150,student,2026-06-26 16:22:27,2026-06-26 16:22:27
149,1,151,student,2026-06-26 16:35:49,2026-06-26 16:35:49
150,1,152,student,2026-06-26 16:37:02,2026-06-26 16:37:02
151,1,153,student,2026-06-26 16:38:54,2026-06-26 16:38:54
152,1,154,student,2026-06-26 16:54:00,2026-06-26 16:54:00
153,1,155,student,2026-06-26 16:58:47,2026-06-26 16:58:47
154,1,156,student,2026-06-26 16:59:59,2026-06-26 16:59:59
155,1,157,student,2026-06-26 17:36:58,2026-06-26 17:36:58
156,1,158,student,2026-06-26 18:54:19,2026-06-26 18:54:19
157,1,159,student,2026-06-26 19:44:25,2026-06-26 19:44:25
158,1,160,student,2026-06-26 20:19:48,2026-06-26 20:19:48
159,1,161,student,2026-06-26 21:31:33,2026-06-26 21:31:33
160,1,162,student,2026-06-26 21:33:19,2026-06-26 21:33:19
161,1,163,student,2026-06-26 21:37:32,2026-06-26 21:37:32
162,1,164,student,2026-06-26 22:08:56,2026-06-26 22:08:56
163,1,165,student,2026-06-26 22:12:25,2026-06-26 22:12:25
164,1,166,student,2026-06-26 22:12:52,2026-06-26 22:12:52
165,1,167,student,2026-06-26 22:42:37,2026-06-26 22:42:37
166,1,168,student,2026-06-26 22:48:09,2026-06-26 22:48:09
167,1,169,student,2026-06-26 23:46:49,2026-06-26 23:46:49
168,1,170,student,2026-06-27 00:48:14,2026-06-27 00:48:14
169,1,171,student,2026-06-27 00:52:33,2026-06-27 00:52:33
170,1,172,student,2026-06-27 13:07:31,2026-06-27 13:07:31
171,1,173,student,2026-06-27 13:17:53,2026-06-27 13:17:53
172,1,174,student,2026-06-27 13:42:44,2026-06-27 13:42:44
173,1,175,student,2026-06-27 14:31:31,2026-06-27 14:31:31
174,1,176,student,2026-06-29 11:37:58,2026-06-29 11:37:58
175,1,177,student,2026-06-29 14:12:09,2026-06-29 14:12:09
176,1,178,student,2026-06-29 16:09:24,2026-06-29 16:09:24
177,1,179,student,2026-06-29 16:09:28,2026-06-29 16:09:28
178,1,180,student,2026-06-29 22:37:15,2026-06-29 22:37:15
179,1,181,student,2026-06-30 00:26:01,2026-06-30 00:26:01
180,1,182,student,2026-06-30 19:19:26,2026-06-30 19:19:26
181,1,183,student,2026-06-30 19:20:39,2026-06-30 19:20:39
182,1,184,student,2026-06-30 19:22:36,2026-06-30 19:22:36
183,1,185,student,2026-06-30 19:23:46,2026-06-30 19:23:46
184,1,186,student,2026-06-30 19:24:06,2026-06-30 19:24:06
185,1,187,student,2026-06-30 19:27:34,2026-06-30 19:27:34
186,1,188,student,2026-06-30 19:29:25,2026-06-30 19:29:25
187,1,189,student,2026-06-30 19:32:46,2026-06-30 19:32:46
188,1,190,student,2026-06-30 19:54:33,2026-06-30 19:54:33
189,1,191,student,2026-06-30 19:55:04,2026-06-30 19:55:04
190,1,192,student,2026-06-30 19:56:35,2026-06-30 19:56:35
191,1,193,student,2026-06-30 20:12:13,2026-06-30 20:12:13
192,1,194,student,2026-06-30 21:00:30,2026-06-30 21:00:30
193,1,195,student,2026-06-30 21:47:38,2026-06-30 21:47:38
194,1,196,student,2026-07-01 01:17:11,2026-07-01 01:17:11
195,1,197,student,2026-07-01 01:23:01,2026-07-01 01:23:01
196,1,198,student,2026-07-01 01:37:22,2026-07-01 01:37:22
197,1,199,student,2026-07-01 01:45:01,2026-07-01 01:45:01
198,1,200,student,2026-07-01 01:50:08,2026-07-01 01:50:08
199,1,201,student,2026-07-01 01:54:41,2026-07-01 01:54:41
200,1,202,student,2026-07-01 01:59:55,2026-07-01 01:59:55
201,1,203,student,2026-07-01 02:01:24,2026-07-01 02:01:24
202,1,204,student,2026-07-01 02:02:55,2026-07-01 02:02:55
203,1,205,student,2026-07-01 02:04:18,2026-07-01 02:04:18
204,1,206,student,2026-07-01 02:09:06,2026-07-01 02:09:06
205,1,207,student,2026-07-01 02:12:47,2026-07-01 02:12:47
206,1,208,student,2026-07-01 08:01:23,2026-07-01 08:01:23
207,1,209,student,2026-07-01 10:15:32,2026-07-01 10:15:32
208,1,210,student,2026-07-01 10:19:58,2026-07-01 10:19:58
209,1,211,student,2026-07-01 10:36:00,2026-07-01 10:36:00
210,1,212,student,2026-07-01 10:39:56,2026-07-01 10:39:56
211,1,213,student,2026-07-01 10:57:21,2026-07-01 10:57:21
212,1,214,student,2026-07-01 12:20:27,2026-07-01 12:20:27
213,1,215,student,2026-07-01 12:20:32,2026-07-01 12:20:32
214,1,216,student,2026-07-01 12:21:02,2026-07-01 12:21:02
215,1,217,student,2026-07-01 12:21:07,2026-07-01 12:21:07
216,1,218,student,2026-07-01 12:21:54,2026-07-01 12:21:54
217,1,219,student,2026-07-01 12:22:21,2026-07-01 12:22:21
218,1,220,student,2026-07-01 12:22:23,2026-07-01 12:22:23
219,1,221,student,2026-07-01 12:22:34,2026-07-01 12:22:34
220,1,222,student,2026-07-01 12:23:20,2026-07-01 12:23:20
221,1,223,student,2026-07-01 12:25:00,2026-07-01 12:25:00
222,1,224,student,2026-07-01 12:25:01,2026-07-01 12:25:01
223,1,225,student,2026-07-01 12:28:57,2026-07-01 12:28:57
224,1,226,student,2026-07-01 12:32:46,2026-07-01 12:32:46
225,1,227,student,2026-07-01 12:35:19,2026-07-01 12:35:19
226,1,228,student,2026-07-01 12:43:18,2026-07-01 12:43:18
227,1,229,student,2026-07-01 12:43:28,2026-07-01 12:43:28
228,1,230,student,2026-07-01 12:44:04,2026-07-01 12:44:04
229,1,231,student,2026-07-01 12:44:11,2026-07-01 12:44:11
230,1,232,student,2026-07-01 12:55:47,2026-07-01 12:55:47
231,1,233,student,2026-07-01 12:58:49,2026-07-01 12:58:49
232,1,234,student,2026-07-01 13:00:01,2026-07-01 13:00:01
233,1,235,student,2026-07-01 13:01:59,2026-07-01 13:01:59
234,1,236,student,2026-07-01 13:04:29,2026-07-01 13:04:29
235,1,237,student,2026-07-01 13:18:46,2026-07-01 13:18:46
236,1,238,student,2026-07-01 13:27:34,2026-07-01 13:27:34
237,1,239,student,2026-07-01 13:40:12,2026-07-01 13:40:12
238,1,240,student,2026-07-01 13:49:51,2026-07-01 13:49:51
239,1,241,student,2026-07-01 13:51:00,2026-07-01 13:51:00
240,1,242,student,2026-07-01 13:54:10,2026-07-01 13:54:10
241,1,243,student,2026-07-01 13:54:40,2026-07-01 13:54:40
242,1,244,student,2026-07-01 14:06:14,2026-07-01 14:06:14
243,1,245,student,2026-07-01 14:15:50,2026-07-01 14:15:50
244,1,246,student,2026-07-01 14:18:05,2026-07-01 14:18:05
245,1,247,student,2026-07-01 14:20:04,2026-07-01 14:20:04
246,1,248,student,2026-07-01 14:30:26,2026-07-01 14:30:26
247,1,249,student,2026-07-01 14:38:33,2026-07-01 14:38:33
248,1,250,student,2026-07-01 14:38:39,2026-07-01 14:38:39
249,1,251,student,2026-07-01 14:40:39,2026-07-01 14:40:39
250,1,252,student,2026-07-01 14:42:03,2026-07-01 14:42:03
251,1,253,student,2026-07-01 14:47:43,2026-07-01 14:47:43
252,1,254,student,2026-07-01 14:50:49,2026-07-01 14:50:49
253,1,255,student,2026-07-01 14:55:50,2026-07-01 14:55:50
254,1,256,student,2026-07-01 14:57:29,2026-07-01 14:57:29
255,1,257,student,2026-07-01 14:59:42,2026-07-01 14:59:42
256,1,258,student,2026-07-01 15:03:17,2026-07-01 15:03:17
257,1,259,student,2026-07-01 15:04:30,2026-07-01 15:04:30
258,1,260,student,2026-07-01 15:05:08,2026-07-01 15:05:08
259,1,261,student,2026-07-01 15:09:48,2026-07-01 15:09:48
260,1,262,student,2026-07-01 15:14:10,2026-07-01 15:14:10
261,1,263,student,2026-07-01 15:21:18,2026-07-01 15:21:18
262,1,264,student,2026-07-01 15:38:40,2026-07-01 15:38:40
263,1,265,student,2026-07-01 15:47:05,2026-07-01 15:47:05
264,1,266,student,2026-07-01 15:54:24,2026-07-01 15:54:24
265,1,267,student,2026-07-01 16:07:13,2026-07-01 16:07:13
266,1,268,student,2026-07-01 16:11:20,2026-07-01 16:11:20
267,1,269,student,2026-07-01 16:23:21,2026-07-01 16:23:21
268,1,270,student,2026-07-01 17:07:37,2026-07-01 17:07:37
269,1,271,student,2026-07-01 17:24:37,2026-07-01 17:24:37
270,1,272,student,2026-07-01 23:43:27,2026-07-01 23:43:27
271,1,273,student,2026-07-02 00:15:07,2026-07-02 00:15:07
272,1,274,student,2026-07-02 00:43:59,2026-07-02 00:43:59
273,1,275,student,2026-07-02 12:24:42,2026-07-02 12:24:42
274,1,276,student,2026-07-02 13:14:19,2026-07-02 13:14:19
275,1,277,student,2026-07-02 14:20:11,2026-07-02 14:20:11
276,1,278,student,2026-07-02 16:17:29,2026-07-02 16:17:29
277,1,279,student,2026-07-02 19:34:40,2026-07-02 19:34:40
278,1,280,student,2026-07-03 09:39:43,2026-07-03 09:39:43
279,1,281,student,2026-07-03 11:37:39,2026-07-03 11:37:39
280,1,282,student,2026-07-03 18:01:13,2026-07-03 18:01:13
281,1,283,student,2026-07-04 00:12:55,2026-07-04 00:12:55
282,1,284,student,2026-07-04 18:02:23,2026-07-04 18:02:23
283,1,285,student,2026-07-04 18:16:07,2026-07-04 18:16:07
284,1,286,student,2026-07-04 18:18:31,2026-07-04 18:18:31
285,1,287,student,2026-07-04 18:46:06,2026-07-04 18:46:06
286,1,288,student,2026-07-04 20:17:17,2026-07-04 20:17:17
287,1,289,student,2026-07-05 01:57:01,2026-07-05 01:57:01
288,1,290,student,2026-07-05 11:37:11,2026-07-05 11:37:11
289,1,291,student,2026-07-06 18:13:49,2026-07-06 18:13:49
290,1,292,student,2026-07-06 18:25:02,2026-07-06 18:25:02
291,1,293,student,2026-07-06 18:28:35,2026-07-06 18:28:35
292,1,294,student,2026-07-06 18:29:27,2026-07-06 18:29:27
293,1,295,student,2026-07-06 18:36:37,2026-07-06 18:36:37
294,1,296,student,2026-07-06 18:53:39,2026-07-06 18:53:39
295,1,297,student,2026-07-06 19:19:15,2026-07-06 19:19:15
296,1,298,student,2026-07-06 19:21:36,2026-07-06 19:21:36
297,1,299,student,2026-07-06 19:24:06,2026-07-06 19:24:06
298,1,300,student,2026-07-06 19:29:26,2026-07-06 19:29:26
299,1,301,student,2026-07-06 19:32:31,2026-07-06 19:32:31
300,1,302,student,2026-07-06 19:50:10,2026-07-06 19:50:10
301,1,303,student,2026-07-06 22:09:44,2026-07-06 22:09:44
302,1,304,student,2026-07-07 01:25:31,2026-07-07 01:25:31
303,1,305,student,2026-07-07 03:56:11,2026-07-07 03:56:11
304,1,306,student,2026-07-07 10:28:33,2026-07-07 10:28:33
305,1,307,student,2026-07-07 12:52:47,2026-07-07 12:52:47
306,1,308,student,2026-07-07 13:33:26,2026-07-07 13:33:26
307,1,309,student,2026-07-08 11:43:34,2026-07-08 11:43:34
308,1,310,student,2026-07-08 11:49:52,2026-07-08 11:49:52
309,1,311,student,2026-07-08 11:50:57,2026-07-08 11:50:57
310,1,312,student,2026-07-08 12:02:46,2026-07-08 12:02:46
311,1,313,student,2026-07-08 18:49:06,2026-07-08 18:49:06
312,1,314,student,2026-07-09 17:26:38,2026-07-09 17:26:38
313,1,315,student,2026-07-10 15:24:36,2026-07-10 15:24:36
314,1,316,student,2026-07-12 21:17:16,2026-07-12 21:17:16
315,1,317,student,2026-07-13 18:04:33,2026-07-13 18:04:33
316,1,318,student,2026-07-27 14:00:16,2026-07-27 14:00:16
